{
  "inform_player_about_disabled_use": true,
  "inform_player_about_no_bound_freyr_sword": true,
  "inform_player_about_no_soulbound_thrown_weapon": true,
  "inform_player_about_cooldown_effect": true,
  "inform_player_about_no_souls_to_collect": true,
  "inform_player_about_collected_souls": true,
  "inform_player_about_out_of_range": true,
  "inform_player_about_disabled_boss_respawning": true,
  "disable_weapon_recipes": false,
  "disable_gun_recipes": false,
  "disable_armor_recipes": false,
  "disable_all_enchantments": false,
  "disable_enchantment_fast_hands": false,
  "disable_enchantment_posture_breaker": false,
  "disable_enchantment_stagger": false,
  "disable_enchantment_ethereal_ammunition": false,
  "disable_enchantment_explosive_rounds": false,
  "disable_enchantment_chain_lightning": false,
  "disable_enchantment_misfire_curse": false,
  "disable_enchantment_blight_carrier": false,
  "disable_enchantment_frostsilver": false,
  "disable_enchantment_phantom_trace": false,
  "disable_enchantment_tether": false,
  "disable_enchantment_ricochet": false,
  "disable_recipe_bloodthirster": false,
  "disable_recipe_bluemoon_greatsword": false,
  "disable_recipe_bluemoon_shortsword": false,
  "disable_recipe_comet_spear": false,
  "disable_recipe_darkin_blade": false,
  "disable_recipe_dawnbreaker": false,
  "disable_recipe_heap_of_raw_iron": false,
  "disable_recipe_dragonslayer_swordspear": false,
  "disable_recipe_dragon_staff": false,
  "disable_recipe_draugr": false,
  "disable_recipe_galeforce": false,
  "disable_recipe_rageblade": false,
  "disable_recipe_lich_bane": false,
  "disable_recipe_moonlight_greatsword": false,
  "disable_recipe_moonlight_shortsword": false,
  "disable_recipe_nightfall": false,
  "disable_recipe_soul_reaper": false,
  "disable_recipe_forlorn_scythe": true,
  "disable_recipe_whirligig_sawblade": false,
  "disable_recipe_withered_wabbajack": false,
  "disable_recipe_leviathan_axe": false,
  "disable_recipe_skofnung": false,
  "disable_recipe_pure_moonlight_greatsword": false,
  "disable_recipe_mjolnir": false,
  "disable_recipe_sword_of_freyr": false,
  "disable_recipe_sting": false,
  "disable_recipe_featherlight": false,
  "disable_recipe_crucible_sword": false,
  "disable_recipe_darkin_scythe": false,
  "disable_recipe_kirkhammer": false,
  "disable_recipe_ludwigs_holy_blade": false,
  "disable_recipe_draupnir_spear": false,
  "disable_recipe_holy_moonlight_sword": false,
  "disable_recipe_master_sword": false,
  "disable_recipe_frostmourne": false,
  "disable_recipe_nights_edge": false,
  "disable_recipe_empowered_dawnbreaker": false,
  "disable_recipe_kraken_slayer_bow": true,
  "disable_recipe_kraken_slayer_crossbow": false,
  "disable_recipe_darkmoon_longbow": false,
  "disable_recipe_translucent_sword": false,
  "disable_recipe_translucent_glaive": false,
  "disable_recipe_translucent_double_edged_greatsword": false,
  "disable_recipe_chungus_staff": true,
  "disable_recipe_dark_moon_greatsword": false,
  "disable_recipe_glaive_of_hodir": false,
  "disable_recipe_excalibur": false,
  "disable_recipe_moonveil": false,
  "disable_recipe_simons_bowblade": false,
  "disable_recipe_dragonbane": false,
  "disable_recipe_supernova": false,
  "disable_recipe_mehrunes_razor": false,
  "disable_recipe_tonitrus": false,
  "disable_recipe_bloodlust": false,
  "disable_recipe_arkenplate": false,
  "disable_recipe_chaos_helmet": false,
  "disable_recipe_soul_ingot_helmet": false,
  "disable_recipe_soul_ingot_chestplate": false,
  "disable_recipe_soul_ingot_leggings": false,
  "disable_recipe_soul_ingot_boots": false,
  "disable_recipe_soul_robes_helmet": false,
  "disable_recipe_soul_robes_chestplate": false,
  "disable_recipe_soul_robes_leggings": false,
  "disable_recipe_soul_robes_boots": false,
  "disable_recipe_forlorn_helmet": false,
  "disable_recipe_forlorn_chestplate": false,
  "disable_recipe_forlorn_leggings": false,
  "disable_recipe_forlorn_boots": false,
  "disable_recipe_withered_chest": false,
  "disable_recipe_enhanced_arkenplate": false,
  "disable_recipe_enhanced_withered_chest": false,
  "disable_use_bluemoon_shortsword": false,
  "disable_use_bluemoon_greatsword": false,
  "disable_use_moonlight_shortsword": false,
  "disable_use_moonlight_greatsword": false,
  "disable_use_pure_moonlight_greatsword": false,
  "disable_use_bloodthirster": false,
  "disable_use_darkin_blade": false,
  "disable_use_dragon_staff": false,
  "disable_use_withered_wabbajack": false,
  "disable_use_whirligig_sawblade": false,
  "disable_use_dragonslayer_swordspear": false,
  "disable_use_rageblade": false,
  "disable_use_heap_of_raw_iron": false,
  "disable_use_nightfall": false,
  "disable_use_comet_spear": false,
  "disable_use_lich_bane": false,
  "disable_use_galeforce": false,
  "disable_use_draugr": false,
  "disable_use_dawnbreaker": false,
  "disable_use_soul_reaper": false,
  "disable_use_forlorn_scythe": false,
  "disable_use_leviathan_axe": false,
  "disable_use_skofnung": false,
  "disable_use_skofnung_stone": false,
  "disable_use_mjolnir": false,
  "disable_use_sword_of_freyr": false,
  "disable_use_featherlight": false,
  "disable_use_crucible_sword": false,
  "disable_use_darkin_scythe": false,
  "disable_use_darkin_scythe_prime": false,
  "disable_use_shadow_assassin_scythe": false,
  "disable_use_draupnir_spear": false,
  "disable_use_holy_moonlight_greatsword": false,
  "disable_use_holy_moonlight_sword": false,
  "disable_use_frostmourne": false,
  "disable_use_master_sword": false,
  "disable_use_nights_edge": false,
  "disable_use_empowered_dawnbreaker": false,
  "disable_use_kraken_slayer_bow": false,
  "disable_use_kraken_slayer_crossbow": false,
  "disable_use_darkmoon_longbow": false,
  "disable_use_hunter_pistol": false,
  "disable_use_hunter_blunderbuss": false,
  "disable_use_gatling_gun": false,
  "disable_use_hunter_cannon": false,
  "disable_use_kirkhammer": false,
  "disable_use_silver_sword": false,
  "disable_use_ludwigs_holy_greatsword": false,
  "disable_use_moonstone_ring": false,
  "disable_use_chaos_orb": false,
  "disable_use_translucent_weapons": false,
  "disable_use_chungus_staff": false,
  "disable_use_dark_moon_greatsword": false,
  "disable_use_glaive_of_hodir": false,
  "disable_use_excalibur": false,
  "disable_use_moonveil": false,
  "disable_use_simons_bowblade": false,
  "disable_use_simons_blade": false,
  "disable_use_dragonbane": false,
  "disable_use_supernova": false,
  "disable_use_mehrunes_razor": false,
  "disable_use_tonitrus": false,
  "disable_use_bloodlust": false,
  "disable_use_arkenplate": false,
  "disable_use_chaos_crown": false,
  "disable_use_chaos_robes": false,
  "disable_use_hallowheart": false,
  "disable_use_soul_ingot_armor": false,
  "disable_use_soul_robes_armor": false,
  "disable_use_forlorn_armor": false,
  "is_fireproof_bloodthirster": true,
  "is_fireproof_bluemoon_greatsword": false,
  "is_fireproof_bluemoon_shortsword": false,
  "is_fireproof_comet_spear": true,
  "is_fireproof_darkin_blade": true,
  "is_fireproof_dawnbreaker": true,
  "is_fireproof_heap_of_raw_iron": false,
  "is_fireproof_dragonslayer_swordspear": true,
  "is_fireproof_dragon_staff": true,
  "is_fireproof_draugr": true,
  "is_fireproof_galeforce": true,
  "is_fireproof_rageblade": true,
  "is_fireproof_lich_bane": true,
  "is_fireproof_moonlight_greatsword": true,
  "is_fireproof_moonlight_shortsword": true,
  "is_fireproof_moonlight_ring": true,
  "is_fireproof_nightfall": true,
  "is_fireproof_soul_reaper": true,
  "is_fireproof_forlorn_scythe": true,
  "is_fireproof_whirligig_sawblade": true,
  "is_fireproof_withered_wabbajack": true,
  "is_fireproof_leviathan_axe": true,
  "is_fireproof_skofnung": true,
  "is_fireproof_pure_moonlight_greatsword": true,
  "is_fireproof_mjolnir": true,
  "is_fireproof_sword_of_freyr": true,
  "is_fireproof_sting": false,
  "is_fireproof_featherlight": true,
  "is_fireproof_crucible_sword": true,
  "is_fireproof_darkin_scythe": true,
  "is_fireproof_darkin_scythe_prime": true,
  "is_fireproof_shadow_assassin_scythe": true,
  "is_fireproof_kirkhammer": false,
  "is_fireproof_ludwigs_holy_blade": false,
  "is_fireproof_silver_sword": false,
  "is_fireproof_draupnir_spear": true,
  "is_fireproof_holy_moonlight_sword": true,
  "is_fireproof_holy_moonlight_greatsword": true,
  "is_fireproof_master_sword": true,
  "is_fireproof_frostmourne": true,
  "is_fireproof_nights_edge": true,
  "is_fireproof_empowered_dawnbreaker": true,
  "is_fireproof_kraken_slayer_bow": true,
  "is_fireproof_kraken_slayer_crossbow": true,
  "is_fireproof_darkmoon_longbow": true,
  "is_fireproof_translucent_weapons": false,
  "is_fireproof_chungus_staff": false,
  "is_fireproof_dark_moon_greatsword": true,
  "is_fireproof_glaive_of_hodir": true,
  "is_fireproof_excalibur": true,
  "is_fireproof_moonveil": true,
  "is_fireproof_simons_bowblade": false,
  "is_fireproof_simons_blade": false,
  "is_fireproof_dragonbane": true,
  "is_fireproof_supernova": true,
  "is_fireproof_mehrunes_razor": true,
  "is_fireproof_tonitrus": false,
  "is_fireproof_bloodlust": false,
  "is_fireproof_blunderbuss": false,
  "is_fireproof_gatling_gun": false,
  "is_fireproof_hunter_cannon": false,
  "is_fireproof_hunter_pistol": false,
  "is_fireproof_arkenplate": true,
  "is_fireproof_chaos_crown": true,
  "is_fireproof_chaos_helmet": true,
  "is_fireproof_chaos_robes": false,
  "is_fireproof_hallowheart": true,
  "is_fireproof_soul_ingot_set": false,
  "is_fireproof_soul_robes_set": false,
  "is_fireproof_forlorn_set": true,
  "chungus_monolith_radius": 32.0,
  "can_withered_demon_spawn": true,
  "can_moderatly_sized_chungus_spawn": true,
  "can_evil_forlorn_spawn": true,
  "can_bosses_break_blocks": true,
  "chaos_armor_armor_points": [
    4.0,
    7.0,
    10.0,
    5.0
  ],
  "chaos_armor_base_posture_increase": [
    0.0,
    0.0,
    0.0,
    0.0
  ],
  "chaos_armor_posture_buildup_resistances": [
    0.0,
    0.0,
    0.0,
    0.0
  ],
  "chaos_armor_bleed_buildup_resistances": [
    40.0,
    70.0,
    100.0,
    60.0
  ],
  "chaos_armor_bleed_damage_resistances": [
    30.0,
    50.0,
    60.0,
    40.0
  ],
  "chaos_set_armor_points": [
    2.0,
    3.0,
    4.0,
    1.0
  ],
  "chaos_set_base_posture_increase": [
    0.0,
    0.0,
    0.0,
    0.0
  ],
  "chaos_set_posture_buildup_resistances": [
    0.0,
    0.0,
    0.0,
    0.0
  ],
  "chaos_set_bleed_buildup_resistances": [
    0.0,
    0.0,
    0.0,
    0.0
  ],
  "chaos_set_bleed_damage_resistances": [
    0.0,
    0.0,
    0.0,
    0.0
  ],
  "soul_ingot_armor_points": [
    3.0,
    5.0,
    7.0,
    3.0
  ],
  "soul_ingot_base_posture_increase": [
    0.0,
    0.0,
    0.0,
    0.0
  ],
  "soul_ingot_posture_buildup_resistances": [
    0.0,
    0.0,
    0.0,
    0.0
  ],
  "soul_ingot_bleed_buildup_resistances": [
    2.5,
    7.5,
    10.0,
    5.0
  ],
  "soul_ingot_bleed_damage_resistances": [
    2.0,
    4.0,
    6.0,
    3.0
  ],
  "soul_robes_armor_points": [
    2.0,
    3.0,
    4.0,
    3.0
  ],
  "soul_robes_base_posture_increase": [
    0.0,
    0.0,
    0.0,
    0.0
  ],
  "soul_robes_posture_buildup_resistances": [
    0.0,
    0.0,
    0.0,
    0.0
  ],
  "soul_robes_bleed_buildup_resistances": [
    0.0,
    0.0,
    0.0,
    0.0
  ],
  "soul_robes_bleed_damage_resistances": [
    0.0,
    0.0,
    0.0,
    0.0
  ],
  "forlorn_armor_armor_points": [
    3.0,
    6.0,
    8.0,
    3.0
  ],
  "forlorn_armor_base_posture_increase": [
    10.0,
    20.0,
    35.0,
    15.0
  ],
  "forlorn_armor_posture_buildup_resistances": [
    20.0,
    40.0,
    50.0,
    30.0
  ],
  "forlorn_armor_bleed_buildup_resistances": [
    35.0,
    50.0,
    75.0,
    40.0
  ],
  "forlorn_armor_bleed_damage_resistances": [
    10.0,
    30.0,
    40.0,
    20.0
  ],
  "withered_armor_armor_points": [
    4.0,
    7.0,
    10.0,
    5.0
  ],
  "withered_armor_base_posture_increase": [
    0.0,
    0.0,
    0.0,
    0.0
  ],
  "withered_armor_posture_buildup_resistances": [
    10.0,
    20.0,
    25.0,
    15.0
  ],
  "withered_armor_bleed_buildup_resistances": [
    15.0,
    30.0,
    40.0,
    25.0
  ],
  "withered_armor_bleed_damage_resistances": [
    0.0,
    0.0,
    0.0,
    0.0
  ],
  "chaos_cape_wither_ground": true,
  "chaos_crown_luck_given": 1.0,
  "chaos_crown_flip_effect_cooldown": 300.0,
  "chaos_crown_flip_effect_min_cooldown": 100.0,
  "chaos_crown_flip_effect_enchant_reduces_cooldown": false,
  "chaos_crown_flip_effect_enchant_reduces_cooldown_ids": [
    "unbreaking"
  ],
  "arkenplate_shockwave_cooldown": 200.0,
  "arkenplate_shockwave_min_cooldown": 80.0,
  "arkenplate_shockwave_enchant_reduces_cooldown": false,
  "arkenplate_shockwave_enchant_reduces_cooldown_ids": [
    "unbreaking"
  ],
  "arkenplate_shockwave_knockback": 2.0,
  "arkenplate_shockwave_damage": 6.0,
  "arkenplate_mirror_trigger_percent": 0.5,
  "forlorn_set_bonus_range": 6.0,
  "forlorn_set_bonus_heal": 2.0,
  "withered_chest_strength_trigger_percent_1": 0.5,
  "withered_chest_strength_trigger_percent_2": 0.25,
  "withered_chest_ability_cooldown": 500.0,
  "withered_chest_ability_min_cooldown": 100.0,
  "withered_chest_ability_enchant_reduces_cooldown": false,
  "withered_chest_ability_enchant_reduces_cooldown_ids": [
    "unbreaking"
  ],
  "withered_chest_apply_wither_duration": 100.0,
  "withered_chest_apply_wither_amplifier": 0.0,
  "withered_chest_apply_fire_seconds": 6.0,
  "withered_chest_life_leach_duration": 400.0,
  "withered_chest_life_leach_amplifier": 0.0,
  "bloodlust_damage": 7.0,
  "bloodlust_attack_speed": 1.6,
  "bloodlust_bleed_post_hit": 40.0,
  "bloodlust_ability_self_damage": 4.0,
  "bloodlust_ability_self_bleed": 100.0,
  "bloodlust_ability_strength_amp": 1.0,
  "bloodlust_ability_bloodthirsty_amp": 0.0,
  "bloodlust_bloodloss_in_vicinity_gives_strength_amp": 0.0,
  "bloodthirster_damage": 8.0,
  "bloodthirster_attack_speed": 1.6,
  "bloodthirster_overshields": true,
  "lifesteal_item_base_healing": 2.0,
  "lifesteal_item_heal_scales": true,
  "lifesteal_item_cooldown": 60.0,
  "lifesteal_item_min_cooldown": 10.0,
  "lifesteal_item_enchant_reduces_cooldown": false,
  "lifesteal_item_enchant_reduces_cooldown_ids": [
    "damage"
  ],
  "bluemoon_greatsword_damage": 8.0,
  "bluemoon_greatsword_attack_speed": 1.2,
  "bluemoon_greatsword_charge_needed": 8.0,
  "bluemoon_greatsword_charge_added_post_hit": 1.0,
  "bluemoon_greatsword_projectile_damage": 8.0,
  "bluemoon_greatsword_projectile_velocity": 1.5,
  "bluemoon_shortsword_damage": 7.0,
  "bluemoon_shortsword_attack_speed": 1.6,
  "bluemoon_shortsword_projectile_damage": 3.0,
  "bluemoon_shortsword_projectile_velocity": 1.5,
  "bluemoon_shortsword_projectile_cooldown": 120.0,
  "bluemoon_shortsword_projectile_min_cooldown": 10.0,
  "bluemoon_shortsword_enchant_reduces_cooldown": false,
  "bluemoon_shortsword_enchant_reduces_cooldown_ids": [
    "damage"
  ],
  "chungus_staff_damage": 9.0,
  "chungus_staff_attack_speed": 1.1,
  "chungus_staff_ticks_before_explosion": 15.0,
  "chungus_staff_use_cooldown": 5.0,
  "chungus_staff_ability_cooldown": 2400.0,
  "chungus_staff_enchant_reduces_cooldown": true,
  "chungus_staff_enchant_reduces_cooldown_ids": [
    "damage"
  ],
  "comet_spear_damage": 8.0,
  "comet_spear_attack_speed": 1.4,
  "comet_spear_projectile_damage": 8.0,
  "comet_spear_ability_damage": 10.0,
  "comet_spear_enchant_reduces_cooldown": true,
  "comet_spear_enchant_reduces_cooldown_ids": [
    "damage"
  ],
  "comet_spear_skyfall_ability_cooldown": 400.0,
  "comet_spear_skyfall_ability_min_cooldown": 200.0,
  "comet_spear_throw_ability_cooldown": 25.0,
  "comet_spear_throw_ability_min_cooldown": 0.0,
  "comet_spear_calculated_fall_base_radius": 0.0,
  "comet_spear_calculated_fall_height_increase_radius_modifier": 2.0,
  "comet_spear_calculated_fall_max_radius": 100.0,
  "comet_spear_calculated_fall_max_damage": 100.0,
  "comet_spear_calculated_fall_height_increase_damage_modifier": 0.2,
  "comet_spear_calculated_fall_target_launch_modifier": 0.0125,
  "comet_spear_calculated_fall_target_max_launch_power": 1.1,
  "comet_spear_calculated_fall_heal_from_damage_modifier": 0.0,
  "crucible_sword_normal_damage": 9.0,
  "crucible_sword_attack_speed": 1.6,
  "crucible_sword_empowered_damage": 30.0,
  "crucible_sword_empowered_cooldown": 300.0,
  "crucible_sword_empowered_min_cooldown": 100.0,
  "crucible_sword_empowered_cooldown_modifier_in_nether": 0.4,
  "crucible_sword_enchant_reduces_cooldown": true,
  "crucible_sword_enchant_reduces_cooldown_ids": [
    "damage"
  ],
  "darkin_blade_damage": 11.0,
  "darkin_blade_attack_speed": 1.0,
  "darkin_blade_posture_loss": 30.0,
  "darkin_blade_ability_damage": 12.0,
  "darkin_blade_ability_cooldown": 150.0,
  "darkin_blade_ability_min_cooldown": 40.0,
  "darkin_blade_ability_enchant_reduces_cooldown": false,
  "darkin_blade_ability_enchant_reduces_cooldown_ids": [
    "unbreaking"
  ],
  "darkin_blade_calculated_fall_base_radius": 3.0,
  "darkin_blade_calculated_fall_height_increase_radius_modifier": 1.75,
  "darkin_blade_calculated_fall_target_launch_modifier": 0.04,
  "darkin_blade_calculated_fall_target_max_launch_power": 1.25,
  "darkin_blade_calculated_fall_max_radius": 100.0,
  "darkin_blade_calculated_fall_max_damage": 100.0,
  "darkin_blade_calculated_fall_height_increase_damage_modifier": 0.2,
  "darkin_blade_calculated_fall_heal_from_damage_modifier": 0.1,
  "darkin_scythe_damage": 9.0,
  "darkin_scythe_attack_speed": 1.0,
  "darkin_scythe_bonus_damage": 3.0,
  "darkin_scythe_max_souls": 100.0,
  "darkin_scythe_prime_ability_damage": 20.0,
  "darkin_scythe_prime_attack_speed": 1.0,
  "darkin_scythe_prime_ability_percent_health_damage": 10.0,
  "darkin_scythe_prime_ability_cooldown": 400.0,
  "darkin_scythe_prime_ability_min_cooldown": 100.0,
  "darkin_scythe_prime_ability_enchant_reduces_cooldown": false,
  "darkin_scythe_prime_ability_enchant_reduces_cooldown_ids": [
    "damage"
  ],
  "darkin_scythe_prime_heal_modifier": 0.25,
  "darkin_scythe_prime_ticks_before_dismount": 80.0,
  "darkmoon_longbow_damage": 9.0,
  "darkmoon_longbow_max_velocity": 3.0,
  "darkmoon_longbow_pull_time_ticks": 25.0,
  "darkmoon_longbow_ability_damage": 13.0,
  "darkmoon_longbow_ability_cooldown_ticks": 150.0,
  "darkmoon_longbow_ability_min_cooldown_ticks": 60.0,
  "darkmoon_longbow_enchant_reduces_cooldown": true,
  "darkmoon_longbow_enchant_reduces_cooldown_ids": [
    "unbreaking"
  ],
  "darkmoon_longbow_can_apply_arrow_effects": true,
  "dark_moon_greatsword_damage": 10.0,
  "dark_moon_greatsword_attack_speed": 1.2,
  "dark_moon_greatsword_post_hit_permafrost_base_amplifier": 0.0,
  "dark_moon_greatsword_post_hit_permafrost_base_duration": 80.0,
  "dark_moon_greatsword_frost_moon_base_duration": 400.0,
  "dark_moon_greatsword_frost_moon_base_amplifier": 0.0,
  "dark_moon_greatsword_frost_moon_cooldown": 700.0,
  "dark_moon_greatsword_frost_moon_min_cooldown": 300.0,
  "dark_moon_greatsword_projectile_damage": 7.0,
  "dark_moon_greatsword_projectile_permafrost_base_amplifier": 0.0,
  "dark_moon_greatsword_projectile_permafrost_base_duration": 200.0,
  "dark_moon_greatsword_enchant_reduces_cooldown": true,
  "dark_moon_greatsword_enchant_reduces_cooldown_ids": [
    "damage"
  ],
  "dawnbreaker_damage": 8.0,
  "dawnbreaker_attack_speed": 1.6,
  "dawnbreaker_ability_damage": 10.0,
  "dawnbreaker_ability_percent_chance_addition": 0.0,
  "dawnbreaker_affect_all_entities": false,
  "empowered_dawnbreaker_damage": 10.0,
  "empowered_dawnbreaker_attack_speed": 1.2,
  "empowered_dawnbreaker_ability_damage": 15.0,
  "empowered_dawnbreaker_ability_cooldown": 180.0,
  "empowered_dawnbreaker_ability_min_cooldown": 100.0,
  "empowered_dawnbreaker_ability_enchant_reduces_cooldown": false,
  "empowered_dawnbreaker_ability_enchant_reduces_cooldown_ids": [
    "fire_aspect"
  ],
  "heap_of_raw_iron_damage": 10.0,
  "heap_of_raw_iron_attack_speed": 1.0,
  "heap_of_raw_iron_posture_loss": 30.0,
  "heap_of_raw_iron_dragons_scourge_bonus": 3.0,
  "heap_of_raw_iron_cooldown": 200.0,
  "heap_of_raw_iron_min_cooldown": 40.0,
  "heap_of_raw_iron_enchant_reduces_cooldown": false,
  "heap_of_raw_iron_enchant_reduces_cooldown_ids": [
    "unbreaking"
  ],
  "heap_of_raw_iron_calculated_fall_base_radius": 2.5,
  "heap_of_raw_iron_calculated_fall_height_increase_radius_modifier": 1.6,
  "heap_of_raw_iron_calculated_fall_target_launch_modifier": 0.03,
  "heap_of_raw_iron_calculated_fall_target_max_launch_power": 1.1,
  "heap_of_raw_iron_calculated_fall_max_radius": 100.0,
  "heap_of_raw_iron_calculated_fall_max_damage": 100.0,
  "heap_of_raw_iron_calculated_fall_height_increase_damage_modifier": 0.2,
  "heap_of_raw_iron_calculated_fall_heal_from_damage_modifier": 0.0,
  "dragonbane_damage": 9.0,
  "dragonbane_attack_speed": 1.6,
  "dragonbane_dragons_scourge_bonus": 20.0,
  "dragonbane_chain_lightning_damage_per_level": 6.0,
  "dragonbane_chain_lightning_range_per_enchant_level": 2.25,
  "dragonbane_chain_lightning_enchant_can_boost": true,
  "dragonbane_chain_lightning_boost_enchant": [
    "sweeping"
  ],
  "dragonslayer_swordspear_damage": 8.0,
  "dragonslayer_swordspear_attack_speed": 1.4,
  "dragonslayer_swordspear_dragons_scourge_bonus": 2.0,
  "dragonslayer_swordspear_rain_bonus_damage": 1.0,
  "dragonslayer_swordspear_rain_total_attack_speed": 1.8,
  "dragonslayer_swordspear_projectile_damage": 7.0,
  "dragonslayer_swordspear_ability_damage": 6.0,
  "dragonslayer_swordspear_lightning_amount": 1.0,
  "dragonslayer_swordspear_throw_cooldown": 100.0,
  "dragonslayer_swordspear_throw_min_cooldown": 20.0,
  "dragonslayer_swordspear_ability_cooldown": 300.0,
  "dragonslayer_swordspear_ability_min_cooldown": 80.0,
  "dragonslayer_swordspear_enchant_reduces_cooldown": true,
  "dragonslayer_swordspear_enchant_reduces_cooldown_ids": [
    "damage"
  ],
  "dragon_staff_damage": 8.0,
  "dragon_staff_attack_speed": 1.2,
  "dragon_staff_aura_strength": 1.0,
  "dragon_staff_vigorous_fog_damage_and_heal": 2.0,
  "dragon_staff_vigorous_fog_heal_tamed_entities_owned_by_others": true,
  "dragon_staff_cooldown": 100.0,
  "dragon_staff_min_cooldown": 10.0,
  "dragon_staff_enchant_reduces_cooldown": true,
  "dragon_staff_enchant_reduces_cooldown_ids": [
    "damage"
  ],
  "dragon_staff_use_time": 100.0,
  "draugr_damage_at_night": 11.0,
  "draugr_attack_speed": 1.6,
  "draupnir_spear_damage": 8.0,
  "draupnir_spear_attack_speed": 1.4,
  "draupnir_spear_projectile_damage": 10.0,
  "draupnir_spear_detonate_power": 1.0,
  "draupnir_spear_throw_cooldown": 40.0,
  "draupnir_spear_throw_min_cooldown": 10.0,
  "draupnir_spear_detonate_cooldown": 100.0,
  "draupnir_spear_detonate_min_cooldown": 40.0,
  "draupnir_spear_summon_spears_cooldown": 300.0,
  "draupnir_spear_summon_spears_min_cooldown": 80.0,
  "draupnir_spear_enchant_reduces_throw_cooldown": true,
  "draupnir_spear_enchant_reduces_throw_cooldown_ids": [
    "damage"
  ],
  "draupnir_spear_enchant_reduces_ability_cooldown": false,
  "draupnir_spear_enchant_reduces_ability_cooldown_ids": [
    "damage"
  ],
  "draupnir_spear_max_age": 400.0,
  "excalibur_damage": 8.0,
  "excalibur_attack_speed": 1.6,
  "excalibur_life_guard_percent": 0.3,
  "excalibur_life_save_chance_percent": 0.3,
  "excalibur_life_save_explosion_damage": 10.0,
  "excalibur_life_save_explosion_knockback": 1.0,
  "excalibur_life_save_stack_damage": 20.0,
  "excalibur_sonic_boom_damage": 10.0,
  "excalibur_sonic_boom_knockback_power": 0.5,
  "excalibur_sonic_boom_cooldown": 100.0,
  "excalibur_sonic_boom_min_cooldown": 40.0,
  "excalibur_sonic_boom_max_range": 40.0,
  "excalibur_sonic_boom_target_search_range": 16.0,
  "excalibur_lightbringer_effects_duration": 300.0,
  "excalibur_lightbringer_effects_amplifier": 0.0,
  "excalibur_enchant_reduces_ability_cooldown": true,
  "excalibur_enchant_reduces_ability_cooldown_ids": [
    "damage"
  ],
  "forlorn_scythe_damage": 11.0,
  "forlorn_scythe_attack_speed": 1.0,
  "featherlight_damage": 8.0,
  "featherlight_attack_speed": 1.6,
  "featherlight_posture_loss": 20.0,
  "featherlight_calculated_fall_base_radius": 2.5,
  "featherlight_calculated_fall_height_increase_radius_modifier": 1.6,
  "featherlight_calculated_fall_target_launch_modifier": 0.025,
  "featherlight_calculated_fall_target_max_launch_power": 1.05,
  "featherlight_calculated_fall_max_radius": 100.0,
  "featherlight_calculated_fall_max_damage": 100.0,
  "featherlight_calculated_fall_height_increase_damage_modifier": 0.2,
  "featherlight_calculated_fall_heal_from_damage_modifier": 0.0,
  "frostmourne_damage": 11.0,
  "frostmourne_attack_speed": 1.6,
  "frostmourne_summoned_allies_cap": 50.0,
  "galeforce_damage": 10.0,
  "galeforce_max_velocity": 3.0,
  "galeforce_pull_time_ticks": 20.0,
  "galeforce_speed_effect_duration_ticks": 50.0,
  "galeforce_speed_effect_amplifier": 4.0,
  "galeforce_dash_cooldown": 80.0,
  "galeforce_dash_min_cooldown": 20.0,
  "galeforce_dash_enchant_reduces_cooldown": false,
  "galeforce_dash_enchant_reduces_cooldown_ids": [
    "unbreaking"
  ],
  "galeforce_can_apply_arrow_effects": true,
  "glaive_of_hodir_damage": 8.0,
  "glaive_of_hodir_attack_speed": 1.3,
  "glaive_of_hodir_bonus_damage_per_stack": 0.8,
  "glaive_of_hodir_bonus_attack_speed_per_stack": 0.1,
  "glaive_of_hodir_max_stacks": 5.0,
  "glaive_of_hodir_add_effects_cooldown": 200.0,
  "glaive_of_hodir_effects_duration": 220.0,
  "glaive_of_hodir_resistance_amplifier": 2.0,
  "glaive_of_hodir_absorption_amplifier": 3.0,
  "glaive_of_hodir_enchant_reduces_cooldown": true,
  "glaive_of_hodir_enchant_reduces_cooldown_ids": [
    "damage"
  ],
  "glaive_of_hodir_projectile_damage": 7.0,
  "glaive_of_hodir_projectile_cooldown": 160.0,
  "glaive_of_hodir_projectile_min_cooldown": 80.0,
  "glaive_of_hodir_projectile_posture_loss": 125.0,
  "rageblade_damage": 7.0,
  "rageblade_attack_speed": 1.6,
  "rageblade_haste_cap": true,
  "holy_moonlight_greatsword_damage": 10.0,
  "holy_moonlight_greatsword_attack_speed": 1.2,
  "holy_moonlight_greatsword_righteous_undead_bonus_damage": 2.0,
  "holy_moonlight_ability_charge_needed": 50.0,
  "holy_moonlight_greatsword_charge_added_post_hit": 3.0,
  "holy_moonlight_ability_damage": 20.0,
  "holy_moonlight_ability_knockup": 0.3,
  "holy_moonlight_ability_cooldown": 150.0,
  "holy_moonlight_ability_min_cooldown": 60.0,
  "holy_moonlight_ability_enchant_reduces_cooldown": true,
  "holy_moonlight_ability_enchant_reduces_cooldown_ids": [
    "unbreaking"
  ],
  "holy_moonlight_ruptures_amount": 8.0,
  "holy_moonlight_sword_damage": 7.0,
  "holy_moonlight_sword_attack_speed": 1.6,
  "holy_moonlight_sword_righteous_undead_bonus_damage": 2.0,
  "holy_moonlight_sword_max_bonus_damage": 2.0,
  "holy_moonlight_sword_charge_added_post_hit": 1.0,
  "kirkhammer_damage": 9.0,
  "kirkhammer_attack_speed": 1.0,
  "kirkhammer_posture_loss": 40.0,
  "kirkhammer_calculated_fall_base_radius": 2.5,
  "kirkhammer_calculated_fall_height_increase_radius_modifier": 1.4,
  "kirkhammer_calculated_fall_target_launch_modifier": 0.035,
  "kirkhammer_calculated_fall_target_max_launch_power": 1.0,
  "kirkhammer_calculated_fall_max_radius": 100.0,
  "kirkhammer_calculated_fall_max_damage": 100.0,
  "kirkhammer_calculated_fall_height_increase_damage_modifier": 0.15,
  "kirkhammer_calculated_fall_heal_from_damage_modifier": 0.0,
  "kirkhammer_calculated_fall_base_posture_loss": 25.0,
  "kirkhammer_calculated_fall_height_increase_posture_loss_modifier": 3.5,
  "kirkhammer_silver_sword_damage": 6.0,
  "kirkhammer_silver_sword_attack_speed": 1.6,
  "kirkhammer_silver_sword_righteous_undead_bonus_damage": 2.0,
  "kraken_slayer_damage": 7.0,
  "kraken_slayer_bow_use_animation": "SPEAR",
  "kraken_slayer_max_velocity": 3.0,
  "kraken_slayer_pull_time_ticks": 10.0,
  "kraken_slayer_crossbow_damage": 9.0,
  "kraken_slayer_crossbow_max_velocity": 3.15,
  "kraken_slayer_crossbow_pull_time_ticks": 15.0,
  "kraken_slayer_bonus_true_damage": 4.0,
  "kraken_slayer_player_true_damage_taken_modifier": 0.4,
  "kraken_slayer_can_apply_arrow_effects": true,
  "leviathan_axe_damage": 10.0,
  "leviathan_axe_attack_speed": 1.2,
  "leviathan_axe_projectile_damage": 7.0,
  "leviathan_axe_return_speed": 4.0,
  "lich_bane_damage": 7.0,
  "lich_bane_attack_speed": 1.6,
  "lich_bane_bonus_magic_damage": 2.0,
  "ludwigs_holy_greatsword_damage": 8.0,
  "ludwigs_holy_greatsword_attack_speed": 1.2,
  "ludwigs_holy_greatsword_righteous_undead_bonus_damage": 2.0,
  "master_sword_damage": 8.0,
  "master_sword_attack_speed": 1.6,
  "master_sword_righteous_undead_bonus_damage": 2.0,
  "master_sword_projectile_damage": 11.0,
  "mehrunes_razor_damage": 6.0,
  "mehrunes_razor_attack_speed": 2.0,
  "mehrunes_razor_missing_health_modifier": 0.75,
  "mehrunes_razor_missing_health_modifier_against_players": 0.5,
  "mehrunes_razor_missing_health_max_bonus_damage": 30.0,
  "mehrunes_razor_missing_health_trigger_cap": 50.0,
  "mehrunes_razor_kill_trigger_cap": 50.0,
  "mehrunes_razor_missing_health_chance_under_health_cap": 0.5,
  "mehrunes_razor_missing_health_chance_over_health_cap": 0.15,
  "mehrunes_razor_kill_chance_under_health_cap": 0.0198,
  "mehrunes_razor_kill_chance_over_health_cap": 0.005,
  "mehrunes_razor_no_instakill_entity_blacklist": [
    "minecraft:chicken"
  ],
  "mjolnir_damage": 9.0,
  "mjolnir_attack_speed": 1.2,
  "mjolnir_rain_bonus_damage": 2.0,
  "mjolnir_rain_total_attack_speed": 1.2,
  "mjolnir_smash_damage": 8.0,
  "mjolnir_projectile_damage": 7.0,
  "mjolnir_lightning_smash_cooldown": 200.0,
  "mjolnir_lightning_circle_amount": 3.0,
  "mjolnir_riptide_cooldown": 300.0,
  "mjolnir_ability_min_cooldown": 60.0,
  "mjolnir_ability_enchant_reduces_cooldown": false,
  "mjolnir_ability_enchant_reduces_cooldown_ids": [
    "unbreaking"
  ],
  "mjolnir_return_speed": 4.0,
  "moonlight_greatsword_damage": 9.0,
  "moonlight_greatsword_attack_speed": 1.2,
  "moonlight_greatsword_projectile_damage": 8.0,
  "moonlight_greatsword_projectile_velocity": 1.5,
  "pure_moonlight_greatsword_damage": 11.0,
  "pure_moonlight_greatsword_attack_speed": 1.2,
  "pure_moonlight_greatsword_projectile_damage": 9.0,
  "moonlight_shortsword_damage": 8.0,
  "moonlight_shortsword_attack_speed": 1.6,
  "moonlight_shortsword_projectile_damage": 3.0,
  "moonlight_shortsword_projectile_velocity": 1.5,
  "moonlight_shortsword_projectile_cooldown": 13.0,
  "moonstone_ring_projectile_cooldown": 5.0,
  "moonstone_ring_lunar_herald_base_amplifier": 0.0,
  "moonstone_ring_lunar_herald_duration": 600.0,
  "moonveil_damage": 9.0,
  "moonveil_attack_speed": 1.6,
  "moonveil_wave_damage": 8.0,
  "moonveil_vertical_damage": 12.0,
  "moonveil_ability_cooldown": 30.0,
  "moonveil_bleed_post_hit": 25.0,
  "nightfall_damage": 11.0,
  "nightfall_attack_speed": 1.0,
  "nightfall_posture_loss": 40.0,
  "nightfall_ability_damage": 18.0,
  "nightfall_ability_shield_power": 2.0,
  "nightfall_shield_cooldown": 500.0,
  "nightfall_shield_min_cooldown": 60.0,
  "nightfall_smash_cooldown": 300.0,
  "nightfall_smash_min_cooldown": 80.0,
  "nightfall_enchant_reduces_cooldown": true,
  "nightfall_enchant_reduces_cooldown_ids": [
    "unbreaking"
  ],
  "nightfall_summoned_allies_cap": 50.0,
  "nightfall_summon_chance": 0.3,
  "nightfall_calculated_fall_base_radius": 3.0,
  "nightfall_calculated_fall_height_increase_radius_modifier": 1.5,
  "nightfall_calculated_fall_target_launch_modifier": 0.045,
  "nightfall_calculated_fall_target_max_launch_power": 1.35,
  "nightfall_calculated_fall_max_radius": 100.0,
  "nightfall_calculated_fall_max_damage": 100.0,
  "nightfall_calculated_fall_height_increase_damage_modifier": 0.2,
  "nightfall_calculated_fall_heal_from_damage_modifier": 0.0,
  "nights_edge_weapon_damage": 10.0,
  "nights_edge_weapon_attack_speed": 1.2,
  "nights_edge_ability_cooldown": 120.0,
  "nights_edge_ability_min_cooldown": 40.0,
  "nights_edge_enchant_reduces_cooldown": false,
  "nights_edge_enchant_reduces_cooldown_ids": [
    "damage"
  ],
  "nights_edge_ability_damage": 10.0,
  "shadow_assassin_scythe_shadow_step_bonus_damage": 2.0,
  "shadow_assassin_scythe_attack_speed": 1.0,
  "shadow_assassin_scythe_shadow_step_ticks": 60.0,
  "shadow_assassin_scythe_shadow_step_cooldown": 160.0,
  "shadow_assassin_scythe_ability_damage": 40.0,
  "shadow_assassin_scythe_ability_cooldown": 300.0,
  "shadow_assassin_scythe_ability_min_cooldown": 100.0,
  "shadow_assassin_scythe_ability_enchant_reduces_cooldown": false,
  "shadow_assassin_scythe_ability_enchant_reduces_cooldown_ids": [
    "damage"
  ],
  "shadow_assassin_scythe_ticks_before_dismount": 120.0,
  "simons_blade_damage": 6.0,
  "simons_blade_attack_speed": 1.6,
  "simons_blade_righteous_undead_bonus_damage": 3.0,
  "simons_bowblade_projectile_damage": 6.0,
  "simons_bowblade_max_velocity": 3.0,
  "simons_bowblade_pull_time_ticks": 25.0,
  "simons_bowblade_projectile_righteous_undead_bonus_damage": 4.0,
  "simons_bowblade_projectile_posture_loss": 30.0,
  "simons_bowblade_projectile_can_apply_arrow_effects": true,
  "skofnung_damage": 8.0,
  "skofnung_attack_speed": 1.6,
  "skofnung_bonus_damage": 2.0,
  "skofnung_disable_heal_duration": 100.0,
  "skofnung_stone_additional_empowered_strikes": 8.0,
  "skofnung_empowered_bleed_effect_duration": 200.0,
  "skofnung_empowered_bleed_effect_amp": 0.0,
  "skofnung_empowered_bleed_post_hit": 60.0,
  "soul_reaper_damage": 11.0,
  "soul_reaper_attack_speed": 1.0,
  "soul_reaper_summoned_allies_cap": 50.0,
  "sting_damage": 6.0,
  "sting_attack_speed": 1.6,
  "sting_bonus_arthropod_damage": 4.0,
  "supernova_damage": 11.0,
  "supernova_attack_speed": 1.0,
  "supernova_posture_loss": 35.0,
  "supernova_firehit_chance": 0.5,
  "supernova_firehit_duration_seconds": 5.0,
  "supernova_firethorns_damage": 4.0,
  "supernova_firethorns_fire_seconds": 2.0,
  "supernova_firethorns_chance": 0.4,
  "supernova_armor_breaker_bonus_stack_damage": 4.0,
  "supernova_flame_pillar_damage": 10.0,
  "supernova_ability_flame_pillar_amount": 5.0,
  "supernova_molten_metal_shield_damage": 100.0,
  "supernova_molten_metal_fire_seconds": 4.0,
  "supernova_molten_metal_max_age_ticks": 160.0,
  "supernova_molten_metal_damage": 6.0,
  "supernova_molten_metal_radius": 3.0,
  "supernova_ability_cooldown": 180.0,
  "supernova_ability_min_cooldown": 40.0,
  "supernova_ability_enchant_reduces_cooldown": false,
  "supernova_ability_enchant_reduces_cooldown_ids": [
    "unbreaking"
  ],
  "supernova_calculated_fall_base_radius": 1.0,
  "supernova_calculated_fall_height_increase_radius_modifier": 1.25,
  "supernova_calculated_fall_target_launch_modifier": 0.03,
  "supernova_calculated_fall_target_max_launch_power": 1.25,
  "supernova_calculated_fall_max_radius": 100.0,
  "supernova_calculated_fall_max_damage": 100.0,
  "supernova_calculated_fall_height_increase_damage_modifier": 0.1,
  "supernova_calculated_fall_heal_from_damage_modifier": 0.0,
  "supernova_calculated_fall_max_flame_pillar_ripples": 10.0,
  "supernova_calculated_fall_height_increase_ripples_modifier": 0.16,
  "sword_of_freyr_damage": 7.0,
  "sword_of_freyr_attack_speed": 1.6,
  "sword_of_freyr_friendly_fire": true,
  "sword_of_freyr_health": 50.0,
  "sword_of_freyr_armor": 10.0,
  "tonitrus_damage": 6.0,
  "tonitrus_attack_speed": 1.4,
  "tonitrus_stormveil_effect_lightning_damage_heal": 2.0,
  "tonitrus_stormveil_effect_duration": 400.0,
  "tonitrus_stormveil_effect_base_amp": 0.0,
  "tonitrus_stormveil_effect_amp_per_sharpness_enchant_ceiled": 0.8,
  "tonitrus_stormveil_chain_lightning_damage_per_amp": 3.0,
  "tonitrus_stormveil_chain_lightning_range_per_amp": 2.0,
  "tonitrus_stormveil_effect_thorns_chance": 0.5,
  "tonitrus_stormveil_effect_thorns_base_damage": 2.0,
  "tonitrus_stormveil_effect_thorns_damage_per_amp_level": 3.0,
  "tonitrus_ability_cooldown": 80.0,
  "tonitrus_ability_max_cooldown": 10.0,
  "tonitrus_ability_enchant_reduces_cooldown": false,
  "tonitrus_ability_enchant_reduces_cooldown_ids": [],
  "translucent_sword_damage": 6.0,
  "translucent_sword_attack_speed": 1.6,
  "translucent_glaive_damage": 7.0,
  "translucent_glaive_attack_speed": 1.4,
  "translucent_double_edged_greatsword_damage": 8.0,
  "translucent_double_edged_greatsword_attack_speed": 1.2,
  "whirligig_sawblade_damage": 8.0,
  "whirligig_sawblade_attack_speed": 1.6,
  "whirligig_sawblade_ability_damage": 5.0,
  "whirligig_sawblade_bleed_added": 25.0,
  "whirligig_sawblade_bleed_effect_duration": 160.0,
  "whirligig_sawblade_bleed_effect_amp": 0.0,
  "whirligig_sawblade_cooldown": 100.0,
  "whirligig_sawblade_min_cooldown": 10.0,
  "whirligig_sawblade_enchant_reduces_cooldown": true,
  "whirligig_sawblade_enchant_reduces_cooldown_ids": [
    "damage"
  ],
  "whirligig_sawblade_use_time": 100.0,
  "withered_wabbajack_damage": 8.0,
  "withered_wabbajack_attack_speed": 1.2,
  "calculated_fall_hits_immune_entities": false,
  "ultra_heavy_haste_when_strength": true,
  "ultra_heavy_disable_offhand_when_held": false,
  "ultra_heavy_disables_shields": true,
  "ultra_heavy_posture_loss_modifier_when_stagger_enchant": 0.9,
  "prioritize_off_hand_shield_over_weapon": false,
  "disable_posture_mechanic_for_all_mobs": false,
  "base_posture_unit": 120.0,
  "base_posture_buildup_resistance_unless_overridden": 0.0,
  "posture_loss_reduction_amount": 1.0,
  "posture_loss_reduction_interval": 8.0,
  "posture_break_damage_per_amp": 6.0,
  "posture_break_player_damage_per_amp": 2.0,
  "posture_break_percent_health_damage": 0.05,
  "disable_bleed_mechanic_for_all_mobs": false,
  "max_bleed": 200.0,
  "base_bleed_buildup_resistance_unless_overridden": 0.0,
  "base_bleed_damage_resistance_unless_overridden": 0.0,
  "bleed_reduction_amount": 1.0,
  "bleed_reduction_interval": 10.0,
  "bleed_base_damage": 6.0,
  "bleed_percent_health_damage": 0.1,
  "bleed_effect_increase_per_amp": 6.0,
  "bleed_effect_base_increase": 4.0,
  "bleed_post_hit_bloodthirsty_effect_increase_mod": 0.75,
  "blight_carrier_enchant_max_level": 2.0,
  "blight_carrier_enchant_blight_duration": 160.0,
  "blight_carrier_enchant_blight_per_level": 2.0,
  "chain_lightning_enchant_max_level": 3.0,
  "chain_lightning_enchant_damage_mod_per_level": 0.7,
  "chain_lightning_enchant_range_per_level": 2.25,
  "explosive_rounds_enchant_max_level": 3.0,
  "explosive_rounds_enchant_destroys_blocks": false,
  "fast_hands_enchant_max_level": 3.0,
  "frostsilver_enchant_max_level": 2.0,
  "frostsilver_enchant_permafrost_per_level": 4.0,
  "frostsilver_enchant_permafrost_duration": 100.0,
  "misfire_curse_enchant_trigger_chance": 0.3,
  "phantom_trace_enchant_max_level": 3.0,
  "phantom_trace_enchant_phantom_projectile_damage_mod": 0.5,
  "posture_breaker_enchant_max_level": 3.0,
  "ricochet_enchant_max_level": 3.0,
  "ricochet_enchant_bounce_per_level": 1.0,
  "stagger_enchant_max_level": 3.0,
  "stagger_enchant_posture_loss_applied_per_level": 5.0,
  "stagger_enchant_posture_loss_on_player_modifier": 1.0,
  "tether_enchant_max_level": 2.0,
  "tether_enchant_drag_mod": 1.0,
  "tether_enchant_min_activation_range_per_level": 3.0,
  "enable_shield_parry": true,
  "shield_parry_cooldown": 40.0,
  "shield_parry_max_animation_frames": 10.0,
  "shield_parry_frames": 3.0,
  "chungus_tonic_can_use": true,
  "chungus_tonic_ticks_until_chungified": 300.0,
  "can_chungus_barter": true,
  "blood_vial_heal": 5.0,
  "blood_vial_regen_amp": 0.0,
  "blood_vial_regen_duration_ticks": 40.0,
  "can_projectiles_apply_posture_loss": true,
  "silver_bullet_undead_bonus_damage": 4.0,
  "silver_bullet_posture_loss_on_player_modifier": 0.75,
  "blunderbuss_damage": 13.0,
  "blunderbuss_velocity": 3.0,
  "blunderbuss_divergence": 10.0,
  "blunderbuss_projectile_amount": 3.0,
  "blunderbuss_posture_loss": 30.0,
  "blunderbuss_posture_loss_per_enchant_level": 3.0,
  "blunderbuss_cooldown": 80.0,
  "blunderbuss_bullets_needed": 2.0,
  "blunderbuss_bullets_needed_with_infinity": 2.0,
  "gatling_gun_damage": 3.0,
  "gatling_gun_velocity": 3.0,
  "gatling_gun_divergence": 3.0,
  "gatling_gun_posture_loss": 10.0,
  "gatling_gun_posture_loss_per_enchant_level": 3.0,
  "gatling_gun_max_time": 100.0,
  "gatling_gun_cooldown": 120.0,
  "gatling_gun_bullets_needed": 1.0,
  "gatling_gun_bullets_needed_with_infinity": 1.0,
  "hunter_cannon_damage": 30.0,
  "hunter_cannon_velocity": 3.0,
  "hunter_cannon_divergence": 1.0,
  "hunter_cannon_posture_loss": 120.0,
  "hunter_cannon_posture_loss_per_enchant_level": 50.0,
  "hunter_cannon_cooldown": 300.0,
  "hunter_cannon_bullets_needed": 10.0,
  "hunter_cannon_bullets_needed_with_infinity": 10.0,
  "hunter_pistol_damage": 6.0,
  "hunter_pistol_velocity": 3.0,
  "hunter_pistol_divergence": 1.0,
  "hunter_pistol_posture_loss": 50.0,
  "hunter_pistol_posture_loss_per_enchant_level": 10.0,
  "hunter_pistol_cooldown": 50.0,
  "hunter_pistol_bullets_needed": 1.0,
  "hunter_pistol_bullets_needed_with_infinity": 1.0,
  "dark_sorcerer_health": 10.0,
  "dark_sorcerer_bonus_armor": 0.0,
  "evil_forlorn_health": 30.0,
  "evil_forlorn_bonus_armor": 0.0,
  "forlorn_health": 30.0,
  "forlorn_bonus_armor": 0.0,
  "frost_giant_health": 50.0,
  "frost_giant_armor": 8.0,
  "moderatly_sized_chungus_heath": 14.0,
  "moderatly_sized_chungus_armor": 0.0,
  "remnant_health": 20.0,
  "remnant_bonus_armor": 0.0,
  "rime_spectre_health": 10.0,
  "rime_spectre_armor": 0.0,
  "soulmass_health": 75.0,
  "soulmass_armor": 10.0,
  "familiar_ghost_health": 10.0,
  "familiar_ghost_armor": 0.0,
  "warmth_health": 20.0,
  "warmth_armor": 0.0,
  "withered_demon_health": 80.0,
  "withered_demon_armor": 2.0,
  "decaying_king_disable_respawn": false,
  "decaying_king_health": 600.0,
  "decaying_king_armor": 10.0,
  "decaying_king_attack_cooldown_ticks": 20.0,
  "decaying_king_special_cooldown_ticks": 60.0,
  "decaying_king_damage_modifier": 1.0,
  "decaying_king_xp": 500.0,
  "decaying_king_disables_shields": true,
  "decaying_king_is_fire_immune": true,
  "decaying_king_is_undead": true,
  "decaying_king_group_type": "UNDEAD",
  "decaying_king_status_effect_blacklist": [],
  "returning_knight_disable_respawn": false,
  "returning_knight_health": 500.0,
  "returning_knight_armor": 15.0,
  "returning_knight_attack_cooldown_ticks": 40.0,
  "returning_knight_special_cooldown_ticks": 80.0,
  "returning_knight_summon_cooldown_ticks": 200.0,
  "returning_knight_damage_modifier": 1.0,
  "returning_knight_xp": 500.0,
  "returning_knight_projectile_immunity_whitelist": [],
  "returning_knight_disables_shields": true,
  "returning_knight_is_fire_immune": true,
  "returning_knight_is_undead": true,
  "returning_knight_group_type": "UNDEAD",
  "returning_knight_status_effect_blacklist": [
    "minecraft:poison"
  ],
  "old_champions_remains_disable_respawn": false,
  "old_champions_remains_health": 300.0,
  "old_champions_remains_armor": 10.0,
  "old_champions_remains_attack_cooldown_ticks": 10.0,
  "old_champions_remains_special_cooldown_ticks": 300.0,
  "old_champions_remains_damage_modifier": 1.0,
  "old_champions_remains_hits_before_growing_resistant": 3.0,
  "old_champions_remains_max_projectile_hits_before_immune": 3.0,
  "old_champions_remains_bleed_applied": 100.0,
  "old_champions_remains_xp": 200.0,
  "old_champions_remains_disables_shields": true,
  "old_champions_remains_disables_shields_all_attacks": false,
  "old_champions_remains_is_fire_immune": true,
  "old_champions_remains_is_undead": true,
  "old_champions_remains_group_type": "UNDEAD",
  "old_champions_remains_status_effect_blacklist": [
    "soulsweapons:bleed"
  ],
  "frenzied_shade_health": 150.0,
  "frenzied_shade_armor": 2.0,
  "frenzied_shade_damage_modifier": 1.0,
  "frenzied_shade_cooldown": 10.0,
  "frenzied_shade_xp": 400.0,
  "frenzied_shade_disables_shields": false,
  "frenzied_shade_is_fire_immune": true,
  "frenzied_shade_is_undead": true,
  "frenzied_shade_group_type": "UNDEAD",
  "frenzied_shade_status_effect_blacklist": [],
  "chaos_monarch_disable_respawn": false,
  "chaos_monarch_health": 450.0,
  "chaos_monarch_armor": 4.0,
  "chaos_monarch_attack_cooldown_ticks": 20.0,
  "chaos_monarch_damage_modifier": 1.0,
  "chaos_monarch_xp": 500.0,
  "chaos_monarch_wither_ground": true,
  "chaos_monarch_disables_shields": true,
  "chaos_monarch_is_fire_immune": true,
  "chaos_monarch_is_undead": true,
  "chaos_monarch_group_type": "UNDEAD",
  "chaos_monarch_status_effect_blacklist": [
    "soulsweapons:bleed",
    "minecraft:levitation",
    "minecraft:wither"
  ],
  "fallen_icon_disable_respawn": false,
  "fallen_icon_health": 550.0,
  "fallen_icon_armor": 20.0,
  "fallen_icon_attack_cooldown_ticks_phase_1": 30.0,
  "fallen_icon_attack_cooldown_ticks_phase_2": 0.0,
  "fallen_icon_special_cooldown_ticks": 50.0,
  "fallen_icon_damage_modifier": 1.0,
  "fallen_icon_xp": 600.0,
  "fallen_icon_projectile_immunity_whitelist": [],
  "fallen_icon_disables_shields": true,
  "fallen_icon_is_fire_immune": true,
  "fallen_icon_is_undead": false,
  "fallen_icon_group_type": "DEFAULT",
  "fallen_icon_status_effect_blacklist": [
    "minecraft:poison"
  ],
  "day_stalker_health": 600.0,
  "day_stalker_armor": 15.0,
  "day_stalker_damage_modifier": 1.0,
  "day_stalker_empowered_projectile_damage_taken_modifier_phase_1": 0.8,
  "day_stalker_empowered_projectile_damage_taken_modifier_phase_2": 0.6,
  "day_stalker_xp": 500.0,
  "day_stalker_disables_shields": true,
  "day_stalker_is_fire_immune": true,
  "day_stalker_is_undead": false,
  "day_stalker_group_type": "DEFAULT",
  "day_stalker_projectile_cause_air_combustion_below_percent_health": 0.5,
  "day_stalker_status_effect_blacklist": [],
  "day_stalker_cooldown_modifier_phase_1": 1.0,
  "day_stalker_cooldown_modifier_phase_2": 1.0,
  "day_stalker_special_cooldown_modifier_phase_1": 1.0,
  "day_stalker_special_cooldown_modifier_phase_2": 1.0,
  "duo_fight_time_before_switch": 400.0,
  "night_prowler_health": 500.0,
  "night_prowler_armor": 10.0,
  "night_prowler_damage_modifier": 1.0,
  "night_prowler_eclipse_healing": 3.0,
  "night_prowler_eclipse_skulls_glow": false,
  "night_prowler_projectile_heal_below_percent_health": 0.5,
  "night_prowler_projectile_immunity_whitelist": [],
  "night_prowler_projectile_heal_amount": 5.0,
  "night_prowler_teleport_chance": 0.3,
  "night_prowler_xp": 500.0,
  "night_prowler_disables_shields": true,
  "night_prowler_is_fire_immune": true,
  "night_prowler_is_undead": false,
  "night_prowler_group_type": "DEFAULT",
  "night_prowler_status_effect_blacklist": [],
  "night_prowler_cooldown_modifier_phase_1": 1.0,
  "night_prowler_cooldown_modifier_phase_2": 1.0,
  "night_prowler_special_cooldown_modifier_phase_1": 1.0,
  "night_prowler_special_cooldown_modifier_phase_2": 1.0
}