{
  "breath_types": {
    "STANDARD_FLAME": {
      "maxFuel": 2000,
      "maxBreathDuration": 400,
      "breathCooldown": 80,
      "fullRechargeTime": 200,
      "windupDuration": 20,
      "fireRate": 1,
      "breathOffset": {
        "x": 0.0,
        "y": -1.5,
        "z": 4.0
      },
      "projectileSpeed": 0.8,
      "damage": 4.0,
      "projectileLifetime": 40,
      "spreadAmount": 0.1,
      "hasGravity": true,
      "projectileScale": 3.0,
      "textureBaseName": "textures/particle/firebreath",
      "totalFrames": 10,
      "fireDuration": 5,
      "hasKnockback": false,
      "projectileEntitiesPerShot": 8,
      "visualParticlesPerCluster": 1,
      "particleType": "LAVA"
    },
    "GAS_BREATH": {
      "maxFuel": 2000,
      "maxBreathDuration": 300,
      "breathCooldown": 40,
      "fullRechargeTime": 200,
      "windupDuration": 10,
      "fireRate": 10,
      "breathOffset": {
        "x": 0.0,
        "y": 0.0,
        "z": 3.0
      },
      "projectileSpeed": 0.3,
      "damage": 0.0,
      "projectileLifetime": 600,
      "spreadAmount": 0.35,
      "hasGravity": false,
      "projectileScale": 2.0,
      "textureBaseName": "textures/particle/gas_",
      "totalFrames": 8,
      "fireDuration": 0,
      "hasKnockback": false,
      "projectileEntitiesPerShot": 5,
      "visualParticlesPerCluster": 1,
      "particleType": "CAMPFIRE_COSY_SMOKE"
    },
    "WIDE_SPREAD": {
      "maxFuel": 2000,
      "maxBreathDuration": 300,
      "breathCooldown": 60,
      "fullRechargeTime": 200,
      "windupDuration": 15,
      "fireRate": 1,
      "breathOffset": {
        "x": 0.0,
        "y": -1.0,
        "z": 3.0
      },
      "projectileSpeed": 0.6,
      "damage": 3.0,
      "projectileLifetime": 20,
      "spreadAmount": 0.3,
      "hasGravity": true,
      "projectileScale": 6.0,
      "textureBaseName": "textures/particle/firebreath",
      "totalFrames": 10,
      "fireDuration": 3,
      "hasKnockback": false,
      "projectileEntitiesPerShot": 12,
      "visualParticlesPerCluster": 1,
      "particleType": "LARGE_SMOKE"
    },
    "LIGHTNING_BEAM": {
      "maxFuel": 2000,
      "maxBreathDuration": 200,
      "breathCooldown": 40,
      "fullRechargeTime": 200,
      "windupDuration": 5,
      "fireRate": 5,
      "breathOffset": {
        "x": 0.0,
        "y": -0.5,
        "z": 2.0
      },
      "projectileSpeed": 8.5,
      "damage": 6.0,
      "projectileLifetime": 10,
      "spreadAmount": 0.0,
      "hasGravity": false,
      "projectileScale": 1.5,
      "textureBaseName": "textures/particle/lightning_",
      "totalFrames": 6,
      "fireDuration": 0,
      "hasKnockback": false,
      "projectileEntitiesPerShot": 3,
      "visualParticlesPerCluster": 1,
      "particleType": "ELECTRIC_SPARK"
    },
    "PRECISE_BEAM": {
      "maxFuel": 2000,
      "maxBreathDuration": 200,
      "breathCooldown": 40,
      "fullRechargeTime": 200,
      "windupDuration": 10,
      "fireRate": 1,
      "breathOffset": {
        "x": 0.0,
        "y": -0.5,
        "z": 2.0
      },
      "projectileSpeed": 2.0,
      "damage": 5.0,
      "projectileLifetime": 40,
      "spreadAmount": 0.0,
      "hasGravity": false,
      "projectileScale": 1.5,
      "textureBaseName": "textures/particle/nadderflame",
      "totalFrames": 11,
      "fireDuration": 8,
      "hasKnockback": true,
      "projectileEntitiesPerShot": 5,
      "visualParticlesPerCluster": 1,
      "particleType": "NADDERSPARK"
    }
  }
}