{
  "dragon_classes": {
    "TRACKER": {
      "displayName": "Tracker",
      "flightParameters": {
        "baseInertiaFactor": 0.12,
        "baseVerticalDrag": 0.98,
        "baseTurnSpeed": 20.0,
        "baseTurnSpeedInertiaFactor": 2.5,
        "baseYawDifferenceRollFactor": 0.25,
        "baseDiveModifier": 1.55,
        "cameraLeanMultiplier": 2.0
      },
      "playerControl": {
        "groundDeadzoneAngle": 57.0,
        "groundDeadzoneDelay": 30,
        "hoverDeadzoneAngle": 57.0,
        "hoverDeadzoneDelay": 30,
        "backwardSpeedMultiplier": 0.53
      },
      "baseStats": {
        "maxHealth": 90.0,
        "attackDamage": 7.0,
        "attackSpeed": 1.0,
        "movementSpeed": 0.075,
        "sprintModifier": 6.0,
        "flyingSpeed": 1.3,
        "armor": 2.0,
        "followRange": 48.0
      },
      "food": {
        "favoriteFood": "minecraft:chicken",
        "alternativeFood": "minecraft:rabbit",
        "breedingFood": "minecraft:golden_apple"
      }
    },
    "BOULDER": {
      "displayName": "Boulder",
      "flightParameters": {
        "baseInertiaFactor": 0.05,
        "baseVerticalDrag": 0.95,
        "baseTurnSpeed": 15.0,
        "baseTurnSpeedInertiaFactor": 3.5,
        "baseYawDifferenceRollFactor": 0.25,
        "baseDiveModifier": 1.5,
        "cameraLeanMultiplier": 2.2
      },
      "playerControl": {
        "groundDeadzoneAngle": 95.0,
        "groundDeadzoneDelay": 30,
        "hoverDeadzoneAngle": 90.0,
        "hoverDeadzoneDelay": 30,
        "backwardSpeedMultiplier": 0.4
      },
      "baseStats": {
        "maxHealth": 160.0,
        "attackDamage": 8.0,
        "attackSpeed": 0.8,
        "movementSpeed": 0.075,
        "sprintModifier": 6.0,
        "flyingSpeed": 1.2,
        "armor": 6.0,
        "followRange": 32.0
      },
      "food": {
        "favoriteFood": "minecraft:mutton",
        "alternativeFood": "minecraft:beef",
        "breedingFood": "minecraft:golden_apple"
      }
    },
    "MYSTERY": {
      "displayName": "Mystery",
      "flightParameters": {
        "baseInertiaFactor": 0.1,
        "baseVerticalDrag": 0.97,
        "baseTurnSpeed": 20.0,
        "baseTurnSpeedInertiaFactor": 2.5,
        "baseYawDifferenceRollFactor": 0.25,
        "baseDiveModifier": 1.5,
        "cameraLeanMultiplier": 2.6
      },
      "playerControl": {
        "groundDeadzoneAngle": 90.0,
        "groundDeadzoneDelay": 30,
        "hoverDeadzoneAngle": 90.0,
        "hoverDeadzoneDelay": 30,
        "backwardSpeedMultiplier": 0.5
      },
      "baseStats": {
        "maxHealth": 100.0,
        "attackDamage": 8.0,
        "attackSpeed": 1.0,
        "movementSpeed": 0.075,
        "sprintModifier": 4.0,
        "flyingSpeed": 1.3,
        "armor": 3.0,
        "followRange": 32.0
      },
      "food": {
        "favoriteFood": "minecraft:cod",
        "alternativeFood": "minecraft:salmon",
        "breedingFood": "minecraft:golden_apple"
      }
    },
    "SHARP": {
      "displayName": "Sharp",
      "flightParameters": {
        "baseInertiaFactor": 0.15,
        "baseVerticalDrag": 0.98,
        "baseTurnSpeed": 25.0,
        "baseTurnSpeedInertiaFactor": 2.0,
        "baseYawDifferenceRollFactor": 0.3,
        "baseDiveModifier": 1.7,
        "cameraLeanMultiplier": 1.0
      },
      "playerControl": {
        "groundDeadzoneAngle": 65.0,
        "groundDeadzoneDelay": 30,
        "hoverDeadzoneAngle": 65.0,
        "hoverDeadzoneDelay": 30,
        "backwardSpeedMultiplier": 0.55
      },
      "baseStats": {
        "maxHealth": 80.0,
        "attackDamage": 10.0,
        "attackSpeed": 1.2,
        "movementSpeed": 0.1,
        "sprintModifier": 7.5,
        "flyingSpeed": 1.4,
        "armor": 2.0,
        "followRange": 48.0
      },
      "food": {
        "favoriteFood": "minecraft:chicken",
        "alternativeFood": "minecraft:cod",
        "breedingFood": "minecraft:golden_apple"
      }
    },
    "STRIKE": {
      "displayName": "Strike",
      "flightParameters": {
        "baseInertiaFactor": 0.18,
        "baseVerticalDrag": 0.98,
        "baseTurnSpeed": 28.0,
        "baseTurnSpeedInertiaFactor": 2.0,
        "baseYawDifferenceRollFactor": 0.3,
        "baseDiveModifier": 1.75,
        "cameraLeanMultiplier": 1.0
      },
      "playerControl": {
        "groundDeadzoneAngle": 50.0,
        "groundDeadzoneDelay": 20,
        "hoverDeadzoneAngle": 22.0,
        "hoverDeadzoneDelay": 20,
        "backwardSpeedMultiplier": 0.5
      },
      "baseStats": {
        "maxHealth": 70.0,
        "attackDamage": 9.0,
        "attackSpeed": 1.3,
        "movementSpeed": 0.075,
        "sprintModifier": 6.0,
        "flyingSpeed": 1.5,
        "armor": 1.0,
        "followRange": 48.0
      },
      "food": {
        "favoriteFood": "minecraft:salmon",
        "alternativeFood": "minecraft:cod",
        "breedingFood": "minecraft:golden_apple"
      }
    },
    "TIDAL": {
      "displayName": "Tidal",
      "flightParameters": {
        "baseInertiaFactor": 0.12,
        "baseVerticalDrag": 0.97,
        "baseTurnSpeed": 22.0,
        "baseTurnSpeedInertiaFactor": 2.3,
        "baseYawDifferenceRollFactor": 0.28,
        "baseDiveModifier": 1.6,
        "cameraLeanMultiplier": 1.0
      },
      "playerControl": {
        "groundDeadzoneAngle": 78.0,
        "groundDeadzoneDelay": 45,
        "hoverDeadzoneAngle": 78.0,
        "hoverDeadzoneDelay": 45,
        "backwardSpeedMultiplier": 0.52
      },
      "baseStats": {
        "maxHealth": 110.0,
        "attackDamage": 9.0,
        "attackSpeed": 1.0,
        "movementSpeed": 0.075,
        "sprintModifier": 3.5,
        "flyingSpeed": 1.2,
        "armor": 4.0,
        "followRange": 32.0
      },
      "food": {
        "favoriteFood": "minecraft:cod",
        "alternativeFood": "minecraft:salmon",
        "breedingFood": "minecraft:golden_apple"
      }
    },
    "STOKER": {
      "displayName": "Stoker",
      "flightParameters": {
        "baseInertiaFactor": 0.08,
        "baseVerticalDrag": 0.97,
        "baseTurnSpeed": 18.0,
        "baseTurnSpeedInertiaFactor": 3.0,
        "baseYawDifferenceRollFactor": 0.25,
        "baseDiveModifier": 1.5,
        "cameraLeanMultiplier": 1.0
      },
      "playerControl": {
        "groundDeadzoneAngle": 90.0,
        "groundDeadzoneDelay": 30,
        "hoverDeadzoneAngle": 90.0,
        "hoverDeadzoneDelay": 30,
        "backwardSpeedMultiplier": 0.45
      },
      "baseStats": {
        "maxHealth": 120.0,
        "attackDamage": 12.0,
        "attackSpeed": 1.0,
        "movementSpeed": 0.075,
        "sprintModifier": 4.0,
        "flyingSpeed": 1.3,
        "armor": 4.0,
        "followRange": 32.0
      },
      "food": {
        "favoriteFood": "minecraft:beef",
        "alternativeFood": "minecraft:porkchop",
        "breedingFood": "minecraft:enchanted_golden_apple"
      }
    }
  }
}