{
  "weight_classes": {
    "HEAVY": {
      "displayName": "Heavy",
      "healthMultiplier": 1.25,
      "attackMultiplier": 1.1,
      "speedMultiplier": 0.9,
      "flySpeedMultiplier": 0.9,
      "armorMultiplier": 1.25,
      "cameraDistanceMultiplier": 1.5
    },
    "MEDIUM": {
      "displayName": "Medium",
      "healthMultiplier": 1.0,
      "attackMultiplier": 1.0,
      "speedMultiplier": 1.0,
      "flySpeedMultiplier": 1.0,
      "armorMultiplier": 1.0,
      "cameraDistanceMultiplier": 1.0
    },
    "LIGHT": {
      "displayName": "Light",
      "healthMultiplier": 0.8,
      "attackMultiplier": 0.9,
      "speedMultiplier": 1.15,
      "flySpeedMultiplier": 1.15,
      "armorMultiplier": 0.8,
      "cameraDistanceMultiplier": 1.0
    }
  }
}