{
  "_comment": "Dragon Variant Configuration",
  "_format": "Each variant specifies: 'variant' (texture number like dragonname_0.png), 'weight' (spawn chance), 'name' (optional)",
  "nightfury": [
    {
      "variant": 0,
      "weight": 50,
      "name": "Nightfury"
    },
    {
      "variant": 1,
      "weight": 5,
      "name": "Albino"
    },
    {
      "variant": 2,
      "weight": 30,
      "name": "Amethyst"
    },
    {
      "variant": 3,
      "weight": 15,
      "name": "Coal"
    }
  ],
  "deadly_nadder": [
    {
      "variant": 0,
      "weight": 50,
      "name": "Deadly Nadder"
    },
    {
      "variant": 1,
      "weight": 10,
      "name": "Toxic"
    },
    {
      "variant": 2,
      "weight": 15,
      "name": "Coral"
    },
    {
      "variant": 3,
      "weight": 25,
      "name": "Coleus"
    }
  ],
  "monstrous_nightmare": [
    {
      "variant": 0,
      "weight": 50,
      "name": "Monstrous Nightmare"
    },
    {
      "variant": 1,
      "weight": 25,
      "name": "Azure"
    },
    {
      "variant": 2,
      "weight": 10,
      "name": "Sulfur"
    },
    {
      "variant": 3,
      "weight": 15,
      "name": "Midnightmare"
    }
  ],
  "gronckle": [
    {
      "variant": 0,
      "weight": 50,
      "name": "Gronckle"
    },
    {
      "variant": 1,
      "weight": 10,
      "name": "Rose Quartz"
    },
    {
      "variant": 2,
      "weight": 15,
      "name": "Amethist"
    },
    {
      "variant": 3,
      "weight": 25,
      "name": "Coal"
    }
  ],
  "hideous_zippleback": [
    {
      "variant": 0,
      "weight": 50,
      "name": "Hideous Zippleback"
    },
    {
      "variant": 1,
      "weight": 20,
      "name": "Belladonna"
    },
    {
      "variant": 2,
      "weight": 15,
      "name": "Prismarine"
    },
    {
      "variant": 3,
      "weight": 5,
      "name": "Melanistic"
    }
  ],
  "skrill": [
    {
      "variant": 0,
      "weight": 50,
      "name": "Skrill"
    },
    {
      "variant": 1,
      "weight": 5,
      "name": "Albino"
    },
    {
      "variant": 2,
      "weight": 25,
      "name": "Prismarine"
    },
    {
      "variant": 3,
      "weight": 10,
      "name": "Redflash"
    }
  ]
}