{
  "fmlloader-1.20.1-47.4.10.jar (modloader)": {
    "jarName": "fmlloader-1.20.1-47.4.10.jar (modloader)",
    "modId": "forge",
    "version": "fmlloader-1.20.1-47.4.10.jar"
  },
  "[FORGE]slu_9970.1.20.1.jar": {
    "jarName": "[FORGE]slu_9970.1.20.1.jar",
    "modId": "slu",
    "version": "9970.1.20.1",
    "curseForgeHash": 2301249460,
    "modrinthHash": "0d4d4feb5240c0b264cb4435a5fc553b7410d2fa"
  },
  "adminanticheat-shared-2.0.0.jar": {
    "jarName": "adminanticheat-shared-2.0.0.jar",
    "modId": "adminanticheat_shared",
    "version": "2.0.0",
    "curseForgeHash": 2054857221,
    "modrinthHash": "5f8d94d711a461ef079a181714cd4bb454d34fab"
  },
  "advancednetherite-forge-2.1.3-1.20.1.jar": {
    "jarName": "advancednetherite-forge-2.1.3-1.20.1.jar",
    "modId": "advancednetherite",
    "version": "2.1.3",
    "curseForgeHash": 860238071,
    "modrinthHash": "2a4ee907bcdd37f133fa07a15cf1346871d1ec9a"
  },
  "AdvancementPlaques-1.20.1-forge-1.6.9.jar": {
    "jarName": "AdvancementPlaques-1.20.1-forge-1.6.9.jar",
    "modId": "advancementplaques",
    "version": "1.6.9",
    "curseForgeHash": 3976605015,
    "modrinthHash": "6e7b01db61f9646977bd06e9d85492a667d4a8bd"
  },
  "AI-Improvements-1.20-0.5.2.jar": {
    "jarName": "AI-Improvements-1.20-0.5.2.jar",
    "modId": "aiimprovements",
    "version": "0.5.2",
    "curseForgeHash": 2983526960,
    "modrinthHash": "11ad483d1fd1f7ebd84b4940b1dc0926b3e9daa8"
  },
  "alexscaves-2.0.2.jar": {
    "jarName": "alexscaves-2.0.2.jar",
    "modId": "alexscaves",
    "version": "2.0.2",
    "curseForgeHash": 3087031510,
    "modrinthHash": "a1e5c7b7c7eadda4c8e954acbcbaf75a7b500d53"
  },
  "alexsmobs-1.22.9.jar": {
    "jarName": "alexsmobs-1.22.9.jar",
    "modId": "alexsmobs",
    "version": "1.22.9",
    "curseForgeHash": 1000930585,
    "modrinthHash": "dbf93d2f1da19e16739e91e8ea0fc6f4bc2f228f"
  },
  "almanac-1.20.x-forge-1.0.2.jar": {
    "jarName": "almanac-1.20.x-forge-1.0.2.jar",
    "modId": "almanac",
    "version": "1.0.2",
    "curseForgeHash": 409215932,
    "modrinthHash": "f0b711df59cd589b088e536ca4134c5e6e73fd58"
  },
  "AmbientEnvironment-forge-1.20.1-11.0.0.1.jar": {
    "jarName": "AmbientEnvironment-forge-1.20.1-11.0.0.1.jar",
    "modId": "ambientenvironment",
    "version": "11.0.0.1",
    "curseForgeHash": 381440644,
    "modrinthHash": "03c839b24e5a19f8225400be354f8ffd9572e47f"
  },
  "ApothicAttributes-1.20.1-1.3.7.jar": {
    "jarName": "ApothicAttributes-1.20.1-1.3.7.jar",
    "modId": "attributeslib",
    "version": "1.3.7",
    "curseForgeHash": 2709009994,
    "modrinthHash": "1dc0744d17f0861fe6b067798d39abce9d8e0e86"
  },
  "appleskin-forge-mc1.20.1-2.5.1.jar": {
    "jarName": "appleskin-forge-mc1.20.1-2.5.1.jar",
    "modId": "appleskin",
    "version": "2.5.1+mc1.20.1",
    "curseForgeHash": 1671637789,
    "modrinthHash": "81919356f84eab14258db98924b66c3c38e372b1"
  },
  "Aquaculture-1.20.1-2.5.7.jar": {
    "jarName": "Aquaculture-1.20.1-2.5.7.jar",
    "modId": "aquaculture",
    "version": "2.5.7",
    "curseForgeHash": 3842956886,
    "modrinthHash": "308a0e92401e29bdb9cae24532a3b07a1bf6e757"
  },
  "aquamirae-forge-1.20.1-6.1.2.jar": {
    "jarName": "aquamirae-forge-1.20.1-6.1.2.jar",
    "modId": "aquamirae",
    "version": "6.1.2",
    "curseForgeHash": 2089255590,
    "modrinthHash": "3c4287166225fc010d29f94a546f908f0fdebef8"
  },
  "architectury-9.2.14-forge.jar": {
    "jarName": "architectury-9.2.14-forge.jar",
    "modId": "architectury",
    "version": "9.2.14",
    "curseForgeHash": 98480002,
    "modrinthHash": "a52918a500ff421180a1cbd1a0cabee712134ec4"
  },
  "ars_elemental-1.20.1-0.6.7.8.jar": {
    "jarName": "ars_elemental-1.20.1-0.6.7.8.jar",
    "modId": "ars_elemental",
    "version": "0.6.7.8",
    "curseForgeHash": 4289995767,
    "modrinthHash": "fedd4064ac48108ce56f87f89478a2783c8f26bd"
  },
  "ars_nouveau-1.20.1-4.12.7-all.jar": {
    "jarName": "ars_nouveau-1.20.1-4.12.7-all.jar",
    "modId": "ars_nouveau",
    "version": "4.12.7",
    "curseForgeHash": 685417741,
    "modrinthHash": "6c23a97d771ea7ad43bee9bd71d2f2a1f2084170"
  },
  "artifacts-forge-9.5.16.jar": {
    "jarName": "artifacts-forge-9.5.16.jar",
    "modId": "artifacts",
    "version": "9.5.16",
    "curseForgeHash": 2795611176,
    "modrinthHash": "41b0751ec3f1410f1bee668f4e68e4c5c43f8fac"
  },
  "artifactscrafting-1.0.0-forge-1.20.1.jar": {
    "jarName": "artifactscrafting-1.0.0-forge-1.20.1.jar",
    "modId": "artifactscrafting",
    "version": "1.0.0",
    "curseForgeHash": 889085465,
    "modrinthHash": "6312a31af9feab9e7c2cf2c2f72dbfa6534d4bb3"
  },
  "AttributeFix-Forge-1.20.1-21.0.4.jar": {
    "jarName": "AttributeFix-Forge-1.20.1-21.0.4.jar",
    "modId": "attributefix",
    "version": "21.0.4",
    "curseForgeHash": 381211649,
    "modrinthHash": "6eb69343eb21d38f95d1b1d00e6bc777bdb336fa"
  },
  "balm-forge-1.20.1-7.3.37-all.jar": {
    "jarName": "balm-forge-1.20.1-7.3.37-all.jar",
    "modId": "balm",
    "version": "7.3.37",
    "curseForgeHash": 3384992026,
    "modrinthHash": "bb7af11fd4bc2e76fce98f90c752279ae381b934"
  },
  "BaseCampForge1_5.jar": {
    "jarName": "BaseCampForge1_5.jar",
    "modId": "base_camp",
    "version": "1.5",
    "curseForgeHash": 3669689260,
    "modrinthHash": "f1cbcab9eede5489dc2ed9c7423c022fbd7211a2"
  },
  "bettercombat-forge-1.9.0+1.20.1.jar": {
    "jarName": "bettercombat-forge-1.9.0+1.20.1.jar",
    "modId": "bettercombat",
    "version": "1.9.0+1.20.1",
    "curseForgeHash": 1449708850,
    "modrinthHash": "ea7e7247132cb3acacadd96b2b6b635c4cc63a74"
  },
  "BetterThirdPerson-Forge-1.20-1.9.0.jar": {
    "jarName": "BetterThirdPerson-Forge-1.20-1.9.0.jar",
    "modId": "betterthirdperson",
    "version": "1.9.0",
    "curseForgeHash": 3277503590,
    "modrinthHash": "0b0a3ff3b244fa191b3f9580547071dee46f7276"
  },
  "BiomesOPlenty-1.20.1-18.0.0.592.jar": {
    "jarName": "BiomesOPlenty-1.20.1-18.0.0.592.jar",
    "modId": "biomesoplenty",
    "version": "18.0.0.592",
    "curseForgeHash": 1202155165,
    "modrinthHash": "15072eb39c35a3f845d4bb04690d4b7f1808a980"
  },
  "Blood N\u0027 Particles v1.4.0 - Forge 1.20.1.jar": {
    "jarName": "Blood N\u0027 Particles v1.4.0 - Forge 1.20.1.jar",
    "modId": "bloodnparticles_mod",
    "version": "1.4.0",
    "curseForgeHash": 805387535,
    "modrinthHash": "09235be72d87aac3520db7ee497e6d97ff204f3d"
  },
  "blueprint-1.20.1-7.1.3.jar": {
    "jarName": "blueprint-1.20.1-7.1.3.jar",
    "modId": "blueprint",
    "version": "7.1.3",
    "curseForgeHash": 2155548073,
    "modrinthHash": "fdf9cb568546e80485ea4402a39656ed9acfa991"
  },
  "bookofdragons-1.11-1.20.1.jar": {
    "jarName": "bookofdragons-1.11-1.20.1.jar",
    "modId": "bookofdragons",
    "version": "1.11-1.20.1",
    "curseForgeHash": 2552122431,
    "modrinthHash": "b193d898d94bcaed20c76dd7c9baf76153bda80c"
  },
  "Bookshelf-Forge-1.20.1-20.2.13.jar": {
    "jarName": "Bookshelf-Forge-1.20.1-20.2.13.jar",
    "modId": "bookshelf",
    "version": "20.2.13",
    "curseForgeHash": 2325681367,
    "modrinthHash": "c53d9eb5ce9e8ef0f2ea9b11e478d84ce958c3e5"
  },
  "boss_loot_bags-1.20.1.jar": {
    "jarName": "boss_loot_bags-1.20.1.jar",
    "modId": "boss_loot_bags",
    "version": "1.0.0",
    "curseForgeHash": 2649383238,
    "modrinthHash": "2c72152d89ee73fc2d74eef733e3f246366da1cf"
  },
  "BuildersDelight-1.20.1-v.1.3.jar": {
    "jarName": "BuildersDelight-1.20.1-v.1.3.jar",
    "modId": "buildersdelight",
    "version": "1.2.1",
    "curseForgeHash": 3935389286,
    "modrinthHash": "ad9053d0711da8157f6dbe2cc7083f17fe7aa831"
  },
  "bygonenether-1.3.2-1.20.x.jar": {
    "jarName": "bygonenether-1.3.2-1.20.x.jar",
    "modId": "bygonenether",
    "version": "1.3.2",
    "curseForgeHash": 3349407418,
    "modrinthHash": "529e31d2877b87a8bf006f590513a33ab6b73171"
  },
  "carryon-forge-1.20.1-2.1.2.7.jar": {
    "jarName": "carryon-forge-1.20.1-2.1.2.7.jar",
    "modId": "carryon",
    "version": "2.1.2.7",
    "curseForgeHash": 1899432453,
    "modrinthHash": "9999714ca3dd2f2401f0396ca44f3b27c3784c4f"
  },
  "chatanimation-forge-1.20.1-1.1.3.jar": {
    "jarName": "chatanimation-forge-1.20.1-1.1.3.jar",
    "modId": "chatanimation",
    "version": "1.1.3",
    "curseForgeHash": 2576855272,
    "modrinthHash": "60f1673f321534a6eb8ce1250cd0f221209daf8b"
  },
  "citadel-2.6.2-1.20.1.jar": {
    "jarName": "citadel-2.6.2-1.20.1.jar",
    "modId": "citadel",
    "version": "2.6.2",
    "curseForgeHash": 633471506,
    "modrinthHash": "06866f4005d3f6ba63ac01f715b352842d809bbd"
  },
  "cleanswing-1.20-1.8.jar": {
    "jarName": "cleanswing-1.20-1.8.jar",
    "modId": "cleanswing",
    "version": "1.8",
    "curseForgeHash": 2191402716,
    "modrinthHash": "c128e24c47ab4a389b3868ff6913ee0631f254e8"
  },
  "cloth-config-11.1.136-forge.jar": {
    "jarName": "cloth-config-11.1.136-forge.jar",
    "modId": "cloth_config",
    "version": "11.1.136",
    "curseForgeHash": 635589968,
    "modrinthHash": "c65d07748acc57ceb45d53b3964368b84f34d54f"
  },
  "Clumps-forge-1.20.1-12.0.0.4.jar": {
    "jarName": "Clumps-forge-1.20.1-12.0.0.4.jar",
    "modId": "clumps",
    "version": "12.0.0.4",
    "curseForgeHash": 1243520454,
    "modrinthHash": "97cc669f68dbe812cb77cc3631339334fc28b877"
  },
  "collective-1.20.1-8.13.jar": {
    "jarName": "collective-1.20.1-8.13.jar",
    "modId": "collective",
    "version": "8.13",
    "curseForgeHash": 1813952632,
    "modrinthHash": "74b917dd99cd97b2f0480628a1b56958f5e0f5ad"
  },
  "comforts-forge-6.4.0+1.20.1.jar": {
    "jarName": "comforts-forge-6.4.0+1.20.1.jar",
    "modId": "comforts",
    "version": "6.4.0+1.20.1",
    "curseForgeHash": 940613798,
    "modrinthHash": "e7b9fe89566bb1ee013e33745f22f309f679536e"
  },
  "connectedglass-1.1.14-forge-mc1.20.1.jar": {
    "jarName": "connectedglass-1.1.14-forge-mc1.20.1.jar",
    "modId": "connectedglass",
    "version": "1.1.14",
    "curseForgeHash": 3100432402,
    "modrinthHash": "2f65edcf4faed33979d5dec81597b472abf17325"
  },
  "Connector-1.0.0-beta.47+1.20.1.jar": {
    "jarName": "Connector-1.0.0-beta.47+1.20.1.jar",
    "curseForgeHash": 2420438989,
    "modrinthHash": "86b8b56d6fe16473783fb2cde15e616de3455b53"
  },
  "ConnectorExtras-1.11.2+1.20.1.jar": {
    "jarName": "ConnectorExtras-1.11.2+1.20.1.jar",
    "modId": "connectorextras",
    "version": "1.11.2+1.20.1",
    "curseForgeHash": 668546353,
    "modrinthHash": "9336db4e6ce458bccf7724c039f0371e822397ae"
  },
  "Controlling-forge-1.20.1-12.0.2.jar": {
    "jarName": "Controlling-forge-1.20.1-12.0.2.jar",
    "modId": "controlling",
    "version": "12.0.2",
    "curseForgeHash": 2144346557,
    "modrinthHash": "f6d3cdd3ec68c5590cf5b2e89c38dbf031824bfd"
  },
  "corpse-forge-1.20.1-1.0.23.jar": {
    "jarName": "corpse-forge-1.20.1-1.0.23.jar",
    "modId": "corpse",
    "version": "1.20.1-1.0.23",
    "curseForgeHash": 4282386808,
    "modrinthHash": "843b16ca88bc5c390bb22a2a84437e6bffdd43dd"
  },
  "cosmeticarmorreworked-1.20.1-v1a.jar": {
    "jarName": "cosmeticarmorreworked-1.20.1-v1a.jar",
    "modId": "cosmeticarmorreworked",
    "version": "1.20.1-v1a",
    "curseForgeHash": 3614955629,
    "modrinthHash": "afd9fa3fe95e8c086e8d439df403ed1e5ea5cbea"
  },
  "Craftable Spawner and Spawn Eggs (1.20.1 H version).jar": {
    "jarName": "Craftable Spawner and Spawn Eggs (1.20.1 H version).jar",
    "modId": "craftable_spawner",
    "version": "1.0.0",
    "curseForgeHash": 4246826490,
    "modrinthHash": "c17fc06d87a6ff8666a97111ed0036a9bc557f53"
  },
  "CrashAssistant-forge-1.19-1.20.1-1.10.28.jar": {
    "jarName": "CrashAssistant-forge-1.19-1.20.1-1.10.28.jar",
    "modId": "crash_assistant",
    "version": "1.10.28",
    "curseForgeHash": 2399972476,
    "modrinthHash": "ff33e66ea1d828f0a5de39cf31d765e75d0a3859"
  },
  "creeperoverhaul-3.0.2-forge.jar": {
    "jarName": "creeperoverhaul-3.0.2-forge.jar",
    "modId": "creeperoverhaul",
    "version": "3.0.2",
    "curseForgeHash": 176422656,
    "modrinthHash": "01e3275d3eb586c953ac786b1afee6e473eef947"
  },
  "cristellib-1.1.6-forge.jar": {
    "jarName": "cristellib-1.1.6-forge.jar",
    "modId": "cristellib",
    "version": "1.1.6",
    "curseForgeHash": 3580663282,
    "modrinthHash": "524ecf0f93f28be2f5db21d87dd81bdbc1a450e1"
  },
  "Cucumber-1.20.1-7.0.16.jar": {
    "jarName": "Cucumber-1.20.1-7.0.16.jar",
    "modId": "cucumber",
    "version": "7.0.16",
    "curseForgeHash": 1548502984,
    "modrinthHash": "88a9ec30e4acb5c80a3ae060ad70b79e945293c6"
  },
  "cupboard-1.20.1-2.7.jar": {
    "jarName": "cupboard-1.20.1-2.7.jar",
    "modId": "cupboard",
    "version": "1.20.1-2.7",
    "curseForgeHash": 4091473499,
    "modrinthHash": "204bc8aa83e8a685f64311b72d55505ab2eca867"
  },
  "curios-forge-5.14.1+1.20.1.jar": {
    "jarName": "curios-forge-5.14.1+1.20.1.jar",
    "modId": "curios",
    "version": "5.14.1+1.20.1",
    "curseForgeHash": 1288931317,
    "modrinthHash": "452175b95ad3db6ff58bb8968f6bf7a9d1e0f480"
  },
  "darkblades-forge-1.20.1-1.2.5.jar": {
    "jarName": "darkblades-forge-1.20.1-1.2.5.jar",
    "modId": "darkblades",
    "version": "1.2.5",
    "curseForgeHash": 2873108865,
    "modrinthHash": "12f3dfcff6cd64f89f495b5a26f667525cfc97b4"
  },
  "DarkModeEverywhere-1.20.1-1.2.4.jar": {
    "jarName": "DarkModeEverywhere-1.20.1-1.2.4.jar",
    "modId": "darkmodeeverywhere",
    "version": "1.20.1-1.2.4",
    "curseForgeHash": 657293746,
    "modrinthHash": "94da0b23ffc8b7627cce05d0d3400d97a71be143"
  },
  "decorative_blocks-forge-1.20.1-4.1.3.jar": {
    "jarName": "decorative_blocks-forge-1.20.1-4.1.3.jar",
    "modId": "decorative_blocks",
    "version": "4.1.3",
    "curseForgeHash": 3674225232,
    "modrinthHash": "10263d3e99807662ff065edce0e470fe62e84b30"
  },
  "deeperdarker-forge-1.20.1-1.3.3.jar": {
    "jarName": "deeperdarker-forge-1.20.1-1.3.3.jar",
    "modId": "deeperdarker",
    "version": "1.3.3",
    "curseForgeHash": 4225744846,
    "modrinthHash": "12f95fa85c62123140d1962702a97a3bb746bbf5"
  },
  "Dungeon Crawl-1.20.1-2.3.15.jar": {
    "jarName": "Dungeon Crawl-1.20.1-2.3.15.jar",
    "modId": "dungeoncrawl",
    "version": "2.3.15",
    "curseForgeHash": 3170941169,
    "modrinthHash": "e17ebc9be0b3f0646f2de10563b72827442cc866"
  },
  "dungeons_enhanced-1.20.1-5.4.3.jar": {
    "jarName": "dungeons_enhanced-1.20.1-5.4.3.jar",
    "modId": "dungeons_enhanced",
    "version": "5.4.3",
    "curseForgeHash": 2442375411,
    "modrinthHash": "18a8163d7b9128959091d9cc95d9a14bd1db25bf"
  },
  "DungeonsArise-1.20.x-2.1.58-release.jar": {
    "jarName": "DungeonsArise-1.20.x-2.1.58-release.jar",
    "modId": "dungeons_arise",
    "version": "2.1.58-1.20.x",
    "curseForgeHash": 3675819829,
    "modrinthHash": "30b4520e4fab40a6bb6153a2c72e34bcb721f0a5"
  },
  "durabilitytooltip-1.1.6-forge-mc1.20.jar": {
    "jarName": "durabilitytooltip-1.1.6-forge-mc1.20.jar",
    "modId": "durabilitytooltip",
    "version": "1.1.6",
    "curseForgeHash": 725455096,
    "modrinthHash": "e2ad1faa1f9764cf444851d6e4b700d1cc5f6ead"
  },
  "DurabilityViewer-1.20.1-1.0.1.jar": {
    "jarName": "DurabilityViewer-1.20.1-1.0.1.jar",
    "modId": "durability_viewer",
    "version": "1.0.1",
    "curseForgeHash": 533170460,
    "modrinthHash": "80a7d9c7c80d6ae15761f9c788eb5ac9124231af"
  },
  "eatinganimation-1.20.1-5.1.0.jar": {
    "jarName": "eatinganimation-1.20.1-5.1.0.jar",
    "modId": "eatinganimation",
    "version": "5.1.0",
    "curseForgeHash": 2186954911,
    "modrinthHash": "d80502ca23195814f245bb8a4bffcb778ea4c02a"
  },
  "elytraprotection-1.0-forge-1.20.1.jar": {
    "jarName": "elytraprotection-1.0-forge-1.20.1.jar",
    "modId": "elytraprotection",
    "version": "1.0",
    "curseForgeHash": 1143013076,
    "modrinthHash": "5b25342a93cfd3ac28f5cdd4a9dd1c71873fbf5c"
  },
  "EnchantmentDescriptions-Forge-1.20.1-17.1.20.jar": {
    "jarName": "EnchantmentDescriptions-Forge-1.20.1-17.1.20.jar",
    "modId": "enchdesc",
    "version": "17.1.20",
    "curseForgeHash": 3529265314,
    "modrinthHash": "7942d3bf21a5060fb070f0809bf43a165b163fb5"
  },
  "enchantmenttransfer-0.0.6-1.20.1.jar": {
    "jarName": "enchantmenttransfer-0.0.6-1.20.1.jar",
    "modId": "enchantmenttransfer",
    "version": "0.0.6",
    "curseForgeHash": 4044129981,
    "modrinthHash": "1ba75545be01cb92bc6cee543f24dedb3d581d4d"
  },
  "ender_dragon_loot-1.20.1.jar": {
    "jarName": "ender_dragon_loot-1.20.1.jar",
    "modId": "ender_dragon_loot",
    "version": "1.0.0",
    "curseForgeHash": 2568267729,
    "modrinthHash": "c00069cd28c5df014f094dc1fc59022e80ae9748"
  },
  "endermanantigrief-1.1.0-1.20.1.jar": {
    "jarName": "endermanantigrief-1.1.0-1.20.1.jar",
    "modId": "endermanantigrief",
    "version": "1.1.0-1.20.1",
    "curseForgeHash": 701808782,
    "modrinthHash": "77f1a8b5619e32c44cef13eed061b48aae5ea026"
  },
  "endermanoverhaul-forge-1.20.1-1.0.4.jar": {
    "jarName": "endermanoverhaul-forge-1.20.1-1.0.4.jar",
    "modId": "endermanoverhaul",
    "version": "1.0.4",
    "curseForgeHash": 3681337800,
    "modrinthHash": "636a2b20a5973fcb80016370865cb4251e029b6a"
  },
  "enhanced_boss_bars-1.20.1-1.0.0.jar": {
    "jarName": "enhanced_boss_bars-1.20.1-1.0.0.jar",
    "modId": "enhanced_boss_bars",
    "version": "1.20.1-1.0.0",
    "curseForgeHash": 3809100949,
    "modrinthHash": "8a709553a1eb98792b5db787dc57d132bc5b3971"
  },
  "epicfight-forge-20.14.4-1.20.1.jar": {
    "jarName": "epicfight-forge-20.14.4-1.20.1.jar",
    "modId": "epicfight",
    "version": "20.14.4",
    "curseForgeHash": 374022698,
    "modrinthHash": "139511de899fc48c0644dc26c22d1bfe3c7371db"
  },
  "Essential_1-3-10-4_forge_1-20-1.jar": {
    "jarName": "Essential_1-3-10-4_forge_1-20-1.jar",
    "modId": "essential-container",
    "curseForgeHash": 333329814,
    "modrinthHash": "3b64d3c88569add8b8ab69e1a53ba26ba6ca26f1"
  },
  "Explorify v1.6.4 f15-88.mod.jar": {
    "jarName": "Explorify v1.6.4 f15-88.mod.jar",
    "modId": "explorify",
    "version": "1.6.4",
    "curseForgeHash": 147065871,
    "modrinthHash": "5a9b99242bdb9437396f5a3c78decc567adab6a5"
  },
  "ExtraSoundsNext-forge-1.20.1-1.4.jar": {
    "jarName": "ExtraSoundsNext-forge-1.20.1-1.4.jar",
    "modId": "extrasounds",
    "version": "1.4",
    "curseForgeHash": 3861942401,
    "modrinthHash": "e2167a2e3e016cfb65a130d31c47cddcb765bd14"
  },
  "fabric-api-0.92.6+1.11.14+1.20.1.jar": {
    "jarName": "fabric-api-0.92.6+1.11.14+1.20.1.jar",
    "modId": "fabric_api",
    "version": "0.92.6+1.11.14+1.20.1",
    "curseForgeHash": 4200970324,
    "modrinthHash": "285c22b2567b9fdf98ef9808eceb5557de9611d3"
  },
  "FarmersDelight-1.20.1-1.2.9.jar": {
    "jarName": "FarmersDelight-1.20.1-1.2.9.jar",
    "modId": "farmersdelight",
    "version": "1.20.1-1.2.9",
    "curseForgeHash": 4034486801,
    "modrinthHash": "ca9417c369e75d38dacdac59937223e5f6adcc18"
  },
  "ferritecore-6.0.1-forge.jar": {
    "jarName": "ferritecore-6.0.1-forge.jar",
    "modId": "ferritecore",
    "version": "6.0.1",
    "curseForgeHash": 2683111440,
    "modrinthHash": "417fb6ce8f52abf40bd9d0390371790f9576f8ba"
  },
  "firstperson-forge-2.6.1-mc1.20.1.jar": {
    "jarName": "firstperson-forge-2.6.1-mc1.20.1.jar",
    "modId": "firstperson",
    "version": "2.6.1",
    "curseForgeHash": 2900640699,
    "modrinthHash": "62ad011fab7f9f1e4f15c0be75f4f4c0373442fa"
  },
  "FortuneAncientDebris-1.18.2-1.20.4-1.0.jar": {
    "jarName": "FortuneAncientDebris-1.18.2-1.20.4-1.0.jar",
    "modId": "fortuneancientdebris",
    "version": "1.0",
    "curseForgeHash": 722869459,
    "modrinthHash": "981a5db264148141938ad97946101a6786aee762"
  },
  "framework-forge-1.20.1-0.7.15.jar": {
    "jarName": "framework-forge-1.20.1-0.7.15.jar",
    "modId": "framework",
    "version": "0.7.15",
    "curseForgeHash": 2701140336,
    "modrinthHash": "0963ba5c19634030dbf1358b5c5f5fb341fede73"
  },
  "FriendlyFire-Forge-1.20.1-18.0.7.jar": {
    "jarName": "FriendlyFire-Forge-1.20.1-18.0.7.jar",
    "modId": "friendlyfire",
    "version": "18.0.7",
    "curseForgeHash": 2331709121,
    "modrinthHash": "8305c031c1f8768611cce4692a0f68ee2311bcb4"
  },
  "ftb-library-forge-2001.2.12.jar": {
    "jarName": "ftb-library-forge-2001.2.12.jar",
    "modId": "ftblibrary",
    "version": "2001.2.12",
    "curseForgeHash": 3807919150,
    "modrinthHash": "7f36ec4af42ad1d69872c58022e93a9d1b9c82b7"
  },
  "ftb-quests-forge-2001.4.17.jar": {
    "jarName": "ftb-quests-forge-2001.4.17.jar",
    "modId": "ftbquests",
    "version": "2001.4.17",
    "curseForgeHash": 1887235832,
    "modrinthHash": "f7e4fec8991ce2b036ed4628e01fb48446a25ec7"
  },
  "ftb-ranks-forge-2001.1.7.jar": {
    "jarName": "ftb-ranks-forge-2001.1.7.jar",
    "modId": "ftbranks",
    "version": "2001.1.7",
    "curseForgeHash": 1064675696,
    "modrinthHash": "1ef101b4c5991cc239d9b56a95500e3b404228f7"
  },
  "ftb-teams-forge-2001.3.1.jar": {
    "jarName": "ftb-teams-forge-2001.3.1.jar",
    "modId": "ftbteams",
    "version": "2001.3.1",
    "curseForgeHash": 1240744296,
    "modrinthHash": "c2af94e0b86631cb75daa8de2377ff72527651ca"
  },
  "fusion-1.2.11c-forge-mc1.20.1.jar": {
    "jarName": "fusion-1.2.11c-forge-mc1.20.1.jar",
    "modId": "fusion",
    "version": "1.2.11+c",
    "curseForgeHash": 2434900653,
    "modrinthHash": "f665d7798eee078084585238ec53b745d0093c76"
  },
  "GatewaysToEternity-1.20.1-4.2.6.jar": {
    "jarName": "GatewaysToEternity-1.20.1-4.2.6.jar",
    "modId": "gateways",
    "version": "4.2.6",
    "curseForgeHash": 505703889,
    "modrinthHash": "ed2158bade0615c90d50474e2cbf0b32b5eeee61"
  },
  "geckolib-forge-1.20.1-4.8.2.jar": {
    "jarName": "geckolib-forge-1.20.1-4.8.2.jar",
    "modId": "geckolib",
    "version": "4.8.2",
    "curseForgeHash": 1555934041,
    "modrinthHash": "395a9f21a36dc8466d67c2af67a904e7013460d1"
  },
  "gml-4.0.11-all.jar": {
    "jarName": "gml-4.0.11-all.jar",
    "curseForgeHash": 1714752762,
    "modrinthHash": "1b8899ea5a9fd45f2adf8bbb25651a0a95dc6020"
  },
  "goblintraders-forge-1.20.1-1.11.5.jar": {
    "jarName": "goblintraders-forge-1.20.1-1.11.5.jar",
    "modId": "goblintraders",
    "version": "1.11.5",
    "curseForgeHash": 3878486938,
    "modrinthHash": "12bf1775fae7132c4f10ce3f61122bc0a2f171d6"
  },
  "golemsarefriends-1.20.0-1.0.1.jar": {
    "jarName": "golemsarefriends-1.20.0-1.0.1.jar",
    "modId": "golemsarefriends",
    "version": "1.20.0-1.0.1",
    "curseForgeHash": 2619512710,
    "modrinthHash": "e6a26611478acb166d8715eda955e09a0325a758"
  },
  "gpumemleakfix-1.20.1-1.8.jar": {
    "jarName": "gpumemleakfix-1.20.1-1.8.jar",
    "modId": "gpumemleakfix",
    "version": "1.20.1-1.8",
    "curseForgeHash": 686879422,
    "modrinthHash": "54301c2db5467e0f9f5c504887436f358335331f"
  },
  "guardvillagers-1.20.1-1.6.15.jar": {
    "jarName": "guardvillagers-1.20.1-1.6.15.jar",
    "modId": "guardvillagers",
    "version": "1.20.1-1.6.15",
    "curseForgeHash": 1040376273,
    "modrinthHash": "66b15837d31461f75817773e9226e50f851ea07e"
  },
  "Iceberg-1.20.1-forge-1.1.25.jar": {
    "jarName": "Iceberg-1.20.1-forge-1.1.25.jar",
    "modId": "iceberg",
    "version": "1.1.25",
    "curseForgeHash": 263977206,
    "modrinthHash": "d551ff55814cfb01403b812459ee5a02b020d87b"
  },
  "IllagerInvasion-v8.0.7-1.20.1-Forge.jar": {
    "jarName": "IllagerInvasion-v8.0.7-1.20.1-Forge.jar",
    "modId": "illagerinvasion",
    "version": "8.0.7",
    "curseForgeHash": 881429781,
    "modrinthHash": "103953f4bf3d5a4a344ec5317d510ac90a25badc"
  },
  "illagerwarship-1.0.1-forge-1.20.1.jar": {
    "jarName": "illagerwarship-1.0.1-forge-1.20.1.jar",
    "modId": "illagerwarship",
    "version": "1.0.1",
    "curseForgeHash": 2894428309,
    "modrinthHash": "af3007f8cd07698286324bb3b555b5de2f84761a"
  },
  "irons_spellbooks-1.20.1-3.15.0.jar": {
    "jarName": "irons_spellbooks-1.20.1-3.15.0.jar",
    "modId": "irons_spellbooks",
    "version": "1.20.1-3.15.0",
    "curseForgeHash": 990873507,
    "modrinthHash": "2a0cff4f780fa110145d375fdaec83b8950e9345"
  },
  "Jade-1.20.1-Forge-11.13.2.jar": {
    "jarName": "Jade-1.20.1-Forge-11.13.2.jar",
    "modId": "jade",
    "version": "11.13.2+forge",
    "curseForgeHash": 305733389,
    "modrinthHash": "1997e5fe2db3a0575ca79bfe4720019f01fd2b8c"
  },
  "jamlib-forge-1.3.5+1.20.1.jar": {
    "jarName": "jamlib-forge-1.3.5+1.20.1.jar",
    "modId": "jamlib",
    "version": "1.3.5+1.20.1",
    "curseForgeHash": 1772241613,
    "modrinthHash": "6d5ffd184496a979a54a92be86139e4afabbb580"
  },
  "jei-1.20.1-forge-15.20.0.112.jar": {
    "jarName": "jei-1.20.1-forge-15.20.0.112.jar",
    "modId": "jei",
    "version": "15.20.0.112",
    "curseForgeHash": 3362609034,
    "modrinthHash": "f12b3781af6337794ae6e010420a97585360ea2f"
  },
  "justpotionrings-forge-1.20.[0-1]-v1.4.jar": {
    "jarName": "justpotionrings-forge-1.20.[0-1]-v1.4.jar",
    "modId": "justpotionrings",
    "version": "1.4",
    "curseForgeHash": 3482991649,
    "modrinthHash": "35fa59bec8d05fd35954aa0569a6e67b084df98f"
  },
  "l2artifacts-2.4.28.jar": {
    "jarName": "l2artifacts-2.4.28.jar",
    "modId": "l2artifacts",
    "version": "2.4.28",
    "curseForgeHash": 744613628,
    "modrinthHash": "e2f7b43c6231e3281e278f8d4a9c05e3adfdf874"
  },
  "l2library-2.5.3.jar": {
    "jarName": "l2library-2.5.3.jar",
    "modId": "l2library",
    "version": "2.5.3",
    "curseForgeHash": 3570494249,
    "modrinthHash": "7841eba7e6fa4830ffe6a04034ae0926e22db691"
  },
  "lbac release 1.20.1 28.jar": {
    "jarName": "lbac release 1.20.1 28.jar",
    "modId": "loot_bags_and_crates_1121",
    "version": "1.0.0",
    "curseForgeHash": 4042619014,
    "modrinthHash": "62e2d2c49eb694be7aa03253c06af7f752ef0d83"
  },
  "letmedespawn-1.20.x-forge-1.5.0.jar": {
    "jarName": "letmedespawn-1.20.x-forge-1.5.0.jar",
    "modId": "letmedespawn",
    "version": "1.5.0",
    "curseForgeHash": 3850440114,
    "modrinthHash": "878dd35df02e1e17b7eb16113147f964eda8847f"
  },
  "lobby_1.20.1-8.0.0.jar": {
    "jarName": "lobby_1.20.1-8.0.0.jar",
    "modId": "lobby",
    "version": "8.0.0",
    "curseForgeHash": 2818243797,
    "modrinthHash": "de67dce715236c83d0e4a2e706172432e9435ac3"
  },
  "logprot-1.20.1-3.5.jar": {
    "jarName": "logprot-1.20.1-3.5.jar",
    "modId": "logprot",
    "version": "1.4",
    "curseForgeHash": 1242781312,
    "modrinthHash": "26347b80241985cc80022fee9dbc3e62593cbe88"
  },
  "lootintegrations-1.20.1-4.7.jar": {
    "jarName": "lootintegrations-1.20.1-4.7.jar",
    "modId": "lootintegrations",
    "version": "1.20.1-4.7",
    "curseForgeHash": 3552897390,
    "modrinthHash": "2aa541075b8e13480db4a8021482fbffb2132337"
  },
  "lootintegrations_yungs-1.4.jar": {
    "jarName": "lootintegrations_yungs-1.4.jar",
    "modId": "lootintegrations_yungs",
    "version": "1",
    "curseForgeHash": 3283249474,
    "modrinthHash": "e4171447d6924edf0450bd0614a271798be0ef01"
  },
  "lootr-forge-1.20-0.7.35.94.jar": {
    "jarName": "lootr-forge-1.20-0.7.35.94.jar",
    "modId": "lootr",
    "version": "0.7.35.94",
    "curseForgeHash": 1036440574,
    "modrinthHash": "1ec77a7df8adbf3290a296bf25b8f99f37a60020"
  },
  "lootspan-1.0.jar": {
    "jarName": "lootspan-1.0.jar",
    "modId": "lootspan",
    "version": "1.0",
    "curseForgeHash": 82109859,
    "modrinthHash": "f8e3476c4f6cdc27c5c03c8fe7740af87a62cfd2"
  },
  "mace_port-3.0.4-1.20.1.jar": {
    "jarName": "mace_port-3.0.4-1.20.1.jar",
    "modId": "mace_port",
    "version": "3.0.4",
    "curseForgeHash": 63125117,
    "modrinthHash": "c07fca32db8fe51b371cdc47e0607525e723a9cb"
  },
  "majrusz-library-forge-1.20.1-7.0.8.jar": {
    "jarName": "majrusz-library-forge-1.20.1-7.0.8.jar",
    "modId": "majruszlibrary",
    "version": "7.0.8",
    "curseForgeHash": 2744375869,
    "modrinthHash": "be0e1b5808206abcc2ff6a369ce0c2ba53968c55"
  },
  "majruszs-enchantments-forge-1.20.1-1.10.8.jar": {
    "jarName": "majruszs-enchantments-forge-1.20.1-1.10.8.jar",
    "modId": "majruszsenchantments",
    "version": "1.10.8",
    "curseForgeHash": 1349262555,
    "modrinthHash": "f40859a5dbf2d98ebc3b5628678aa15a5bb8518a"
  },
  "MaxEnchantX-1.20.X-1.3-Forge.jar": {
    "jarName": "MaxEnchantX-1.20.X-1.3-Forge.jar",
    "modId": "maxenchantx",
    "version": "1.3",
    "curseForgeHash": 1431799465,
    "modrinthHash": "564bbddb1e48ad1cb4398218128d6b05bcd92c11"
  },
  "MaxHealthFix-Forge-1.20.1-12.0.3.jar": {
    "jarName": "MaxHealthFix-Forge-1.20.1-12.0.3.jar",
    "modId": "maxhealthfix",
    "version": "12.0.3",
    "curseForgeHash": 1020227340,
    "modrinthHash": "c4194bac838c5346708c70724ca4a095f89d6312"
  },
  "mcdar-4.0.5.jar": {
    "jarName": "mcdar-4.0.5.jar",
    "modId": "mcdar",
    "version": "4.0.5",
    "curseForgeHash": 1787627715,
    "modrinthHash": "1d8541b12457eb4228c5466a8449ac0c4a79b915"
  },
  "mcw-bridges-3.1.0-mc1.20.1forge.jar": {
    "jarName": "mcw-bridges-3.1.0-mc1.20.1forge.jar",
    "modId": "mcwbridges",
    "version": "3.1.0",
    "curseForgeHash": 3236722038,
    "modrinthHash": "7a94bff9e9c2408c6c36e64d5c911e5759cddc10"
  },
  "mcw-doors-1.1.2-mc1.20.1forge.jar": {
    "jarName": "mcw-doors-1.1.2-mc1.20.1forge.jar",
    "modId": "mcwdoors",
    "version": "1.1.2",
    "curseForgeHash": 50528805,
    "modrinthHash": "731069f0a9c1377da0681415b6523e71439ae014"
  },
  "mcw-furniture-3.4.1-mc1.20.1forge.jar": {
    "jarName": "mcw-furniture-3.4.1-mc1.20.1forge.jar",
    "modId": "mcwfurnitures",
    "version": "3.4.1",
    "curseForgeHash": 3002367686,
    "modrinthHash": "c05189646bbde5c0d4486b93de0d707115f8445c"
  },
  "mcw-lights-1.1.5-mc1.20.1forge.jar": {
    "jarName": "mcw-lights-1.1.5-mc1.20.1forge.jar",
    "modId": "mcwlights",
    "version": "1.1.5",
    "curseForgeHash": 435653484,
    "modrinthHash": "76dde38745ad436f2784f71939dc0941d7d51c6e"
  },
  "mcw-mcwfences-1.2.1-mc1.20.1forge.jar": {
    "jarName": "mcw-mcwfences-1.2.1-mc1.20.1forge.jar",
    "modId": "mcwfences",
    "version": "1.2.1",
    "curseForgeHash": 2042722927,
    "modrinthHash": "d24bc6e1ba7f04e058db019ae5ca3d10edd9510a"
  },
  "mcw-mcwpaths-1.1.1-mc1.20.1forge.jar": {
    "jarName": "mcw-mcwpaths-1.1.1-mc1.20.1forge.jar",
    "modId": "mcwpaths",
    "version": "1.1.1",
    "curseForgeHash": 261300804,
    "modrinthHash": "821e5f406afa53a5c1d3346a20efb0ec7be97997"
  },
  "mcw-mcwwindows-2.4.2-mc1.20.1forge.jar": {
    "jarName": "mcw-mcwwindows-2.4.2-mc1.20.1forge.jar",
    "modId": "mcwwindows",
    "version": "2.4.2",
    "curseForgeHash": 850156298,
    "modrinthHash": "214da89b2153d496343bde8626283975e358edbd"
  },
  "mcw-roofs-2.3.2-mc1.20.1forge.jar": {
    "jarName": "mcw-roofs-2.3.2-mc1.20.1forge.jar",
    "modId": "mcwroofs",
    "version": "2.3.2",
    "curseForgeHash": 2960892629,
    "modrinthHash": "2b02beb2bd177aa695dc6fc030fc3bb230ca96b1"
  },
  "mcw-trapdoors-1.1.5-mc1.20.1forge.jar": {
    "jarName": "mcw-trapdoors-1.1.5-mc1.20.1forge.jar",
    "modId": "mcwtrpdoors",
    "version": "1.1.5",
    "curseForgeHash": 3391452202,
    "modrinthHash": "1b3b4b40041346b19bc9ab280b288a9f6b77b513"
  },
  "mes-1.4.6-1.20.jar": {
    "jarName": "mes-1.4.6-1.20.jar",
    "modId": "mes",
    "version": "1.4.6-1.20-forge",
    "curseForgeHash": 1309040499,
    "modrinthHash": "849577ebba438bafa8eb8f5769292cf943563d93"
  },
  "miner3ds_datapack_commands_forge_1.1.2_1.20.1.jar": {
    "jarName": "miner3ds_datapack_commands_forge_1.1.2_1.20.1.jar",
    "modId": "miners_datapack_commands",
    "version": "1.1.2",
    "curseForgeHash": 1481114783,
    "modrinthHash": "9b0adbda4c09a4175896857807ead6e9e6ad492f"
  },
  "modelfix-1.15.jar": {
    "jarName": "modelfix-1.15.jar",
    "modId": "modelfix",
    "version": "1.15",
    "curseForgeHash": 3993116548,
    "modrinthHash": "5bdda0781bf9dfb5f992a7aa2bee64d5d3fe0b84"
  },
  "modernfix-forge-5.25.2+mc1.20.1.jar": {
    "jarName": "modernfix-forge-5.25.2+mc1.20.1.jar",
    "modId": "modernfix",
    "version": "5.25.2+mc1.20.1",
    "curseForgeHash": 3074548209,
    "modrinthHash": "4069534174e618393f0c14d9dc61ac27a04bb992"
  },
  "moreartifacts-1.5.0-1.20.1.jar": {
    "jarName": "moreartifacts-1.5.0-1.20.1.jar",
    "modId": "moreartifacts",
    "version": "1.5.0",
    "curseForgeHash": 2563134228,
    "modrinthHash": "7fe61551b12fb1cd3a9622b34be83e35c2dab705"
  },
  "mowziesmobs-1.7.3.jar": {
    "jarName": "mowziesmobs-1.7.3.jar",
    "modId": "mowziesmobs",
    "version": "1.7.3",
    "curseForgeHash": 4019772644,
    "modrinthHash": "690f2134241544b3f6c38ff895d8e5a2aa77aa4d"
  },
  "MysticalAgriculture-1.20.1-7.0.23.jar": {
    "jarName": "MysticalAgriculture-1.20.1-7.0.23.jar",
    "modId": "mysticalagriculture",
    "version": "7.0.23",
    "curseForgeHash": 66321020,
    "modrinthHash": "fd242367e58ddd84558e97e4ff0a7c48bb817059"
  },
  "NaturesCompass-1.20.1-1.11.2-forge.jar": {
    "jarName": "NaturesCompass-1.20.1-1.11.2-forge.jar",
    "modId": "naturescompass",
    "version": "1.20.1-1.11.2-forge",
    "curseForgeHash": 3701495044,
    "modrinthHash": "31ae930cdbb34e8e05e1954cfb2fee3a3813e850"
  },
  "netherportalfix-forge-1.20-13.0.1.jar": {
    "jarName": "netherportalfix-forge-1.20-13.0.1.jar",
    "modId": "netherportalfix",
    "version": "13.0.1",
    "curseForgeHash": 3930406358,
    "modrinthHash": "b110e4590177475dcde70dd9dafd5257116ad9f8"
  },
  "NoChatReports-FORGE-1.20.1-v2.2.2.jar": {
    "jarName": "NoChatReports-FORGE-1.20.1-v2.2.2.jar",
    "modId": "nochatreports",
    "version": "1.20.1-v2.2.2",
    "curseForgeHash": 393521612,
    "modrinthHash": "069396e689ae887d065c8d61b7945e685fbcc65b"
  },
  "notenoughanimations-forge-1.11.1-mc1.20.1.jar": {
    "jarName": "notenoughanimations-forge-1.11.1-mc1.20.1.jar",
    "modId": "notenoughanimations",
    "version": "1.11.1",
    "curseForgeHash": 1394524316,
    "modrinthHash": "9aa8917d7c0a5311dc495da3c720434de49e0e24"
  },
  "Nullscape_1.20.x_v1.2.8.jar": {
    "jarName": "Nullscape_1.20.x_v1.2.8.jar",
    "modId": "nullscape",
    "version": "1.2.8",
    "curseForgeHash": 2335606410,
    "modrinthHash": "e4afd980e788f1861d8a8263bc700312667df977"
  },
  "obscure_api-18.jar": {
    "jarName": "obscure_api-18.jar",
    "modId": "obscure_api",
    "version": "18",
    "curseForgeHash": 1237693652,
    "modrinthHash": "d395153341a9a732fc80463c475b202d78675e28"
  },
  "OctoLib-FORGE-0.5.0.1+1.20.1.jar": {
    "jarName": "OctoLib-FORGE-0.5.0.1+1.20.1.jar",
    "modId": "octolib",
    "version": "0.5.0.1",
    "curseForgeHash": 2265070471,
    "modrinthHash": "9eab28baff36942e1c924489e34753df10f40208"
  },
  "Placebo-1.20.1-8.6.3.jar": {
    "jarName": "Placebo-1.20.1-8.6.3.jar",
    "modId": "placebo",
    "version": "8.6.3",
    "curseForgeHash": 3174429337,
    "modrinthHash": "e85f53de2e582a79ce25ff1df1e7b5b5fc08440f"
  },
  "Platform-forge-1.20.1-1.2.11.3.jar": {
    "jarName": "Platform-forge-1.20.1-1.2.11.3.jar",
    "modId": "platform",
    "version": "1.2.11.3",
    "curseForgeHash": 398294419,
    "modrinthHash": "cea96c84a359f202f89622626a7625c41572804a"
  },
  "player-animation-lib-forge-1.0.2-rc1+1.20.jar": {
    "jarName": "player-animation-lib-forge-1.0.2-rc1+1.20.jar",
    "modId": "playeranimator",
    "version": "1.0.2-rc1+1.20",
    "curseForgeHash": 2854309810,
    "modrinthHash": "16808f94a41d45d8e986b4e4ea6b02ba57fa058a"
  },
  "projectile_damage-forge-3.2.2+1.20.1.jar": {
    "jarName": "projectile_damage-forge-3.2.2+1.20.1.jar",
    "modId": "projectile_damage",
    "version": "3.2.2+1.20.1",
    "curseForgeHash": 3864832412,
    "modrinthHash": "9c7378a0b9905d032c8bb5a6f72866229bfe4ed6"
  },
  "puffish_attributes-0.8.0-1.20-forge.jar": {
    "jarName": "puffish_attributes-0.8.0-1.20-forge.jar",
    "modId": "puffish_attributes",
    "version": "0.8.0",
    "curseForgeHash": 2795210777,
    "modrinthHash": "3c66e6ff87dd6f40290be86fe6f63a74362fa8b8"
  },
  "PuzzlesLib-v8.1.33-1.20.1-Forge.jar": {
    "jarName": "PuzzlesLib-v8.1.33-1.20.1-Forge.jar",
    "modId": "puzzleslib",
    "version": "8.1.33",
    "curseForgeHash": 3151848185,
    "modrinthHash": "285b7c7616971338ccbe0022c9ea0f8ad3036aaf"
  },
  "Quest Kill Task-0.2.0+1.20.1-forge.jar": {
    "jarName": "Quest Kill Task-0.2.0+1.20.1-forge.jar",
    "modId": "questkilltask",
    "version": "0.2.0+1.20.1-forge",
    "curseForgeHash": 165377522,
    "modrinthHash": "b62edb76dc516d83362a7da603a9fafa0b0b00fd"
  },
  "relics-1.20.1-0.8.0.11.jar": {
    "jarName": "relics-1.20.1-0.8.0.11.jar",
    "modId": "relics",
    "version": "0.8.0.11",
    "curseForgeHash": 3684028936,
    "modrinthHash": "7cae606158a0ddcecd0c68c1d82a29ad89da6ce2"
  },
  "repurposed_structures-7.1.19+1.20.1-forge.jar": {
    "jarName": "repurposed_structures-7.1.19+1.20.1-forge.jar",
    "modId": "repurposed_structures",
    "version": "7.1.19+1.20.1-forge",
    "curseForgeHash": 530060868,
    "modrinthHash": "8605ad00f483bb6d6ac0afc5b1c7b07a5cd5c476"
  },
  "resource_world-1.5.1-1.20.1-forge.jar": {
    "jarName": "resource_world-1.5.1-1.20.1-forge.jar",
    "modId": "resource_world",
    "version": "1.5.1",
    "curseForgeHash": 4032840538,
    "modrinthHash": "c9cf007977e22874d4f487fe9d8dbf3fabc4dce7"
  },
  "resourcefulconfig-forge-1.20.1-2.1.3.jar": {
    "jarName": "resourcefulconfig-forge-1.20.1-2.1.3.jar",
    "modId": "resourcefulconfig",
    "version": "2.1.3",
    "curseForgeHash": 2554742015,
    "modrinthHash": "597d40920dcc935f963842c817dcc4901862ab14"
  },
  "resourcefullib-forge-1.20.1-2.1.29.jar": {
    "jarName": "resourcefullib-forge-1.20.1-2.1.29.jar",
    "modId": "resourcefullib",
    "version": "2.1.29",
    "curseForgeHash": 4227743239,
    "modrinthHash": "6fc590a7c56a720fec57e290cbb0a106efbb3ffa"
  },
  "rightclickharvest-forge-4.6.0+1.20.1.jar": {
    "jarName": "rightclickharvest-forge-4.6.0+1.20.1.jar",
    "modId": "rightclickharvest",
    "version": "4.6.0+1.20.1",
    "curseForgeHash": 146938392,
    "modrinthHash": "7b467d8d5c093d0ee5214a12ac2a198681f0f0e6"
  },
  "rtp-2.0.0.jar": {
    "jarName": "rtp-2.0.0.jar",
    "modId": "rtp",
    "version": "2.0.0",
    "curseForgeHash": 844431046,
    "modrinthHash": "d302ae5e092d71a92bf90db028fabff424fd3acf"
  },
  "Searchables-forge-1.20.1-1.0.3.jar": {
    "jarName": "Searchables-forge-1.20.1-1.0.3.jar",
    "modId": "searchables",
    "version": "1.0.3",
    "curseForgeHash": 3171281796,
    "modrinthHash": "ed5a23ec30c90fd06b3f1d8140614028e1fafaee"
  },
  "server_i18n_api-1.4-1.20.1-forge.jar": {
    "jarName": "server_i18n_api-1.4-1.20.1-forge.jar",
    "modId": "server_i18n_api",
    "version": "1.4",
    "curseForgeHash": 4192483684,
    "modrinthHash": "3074f57a9531e0ded3cdfb0b999683320c221e2c"
  },
  "servercore-forge-1.5.2+1.20.1.jar": {
    "jarName": "servercore-forge-1.5.2+1.20.1.jar",
    "modId": "servercore",
    "version": "1.5.2+1.20.1",
    "curseForgeHash": 3446581747,
    "modrinthHash": "75c6418edc76da55ec89f417e8c43c9d1873fceb"
  },
  "shieldmechanics-1.20.1-4.6.jar": {
    "jarName": "shieldmechanics-1.20.1-4.6.jar",
    "modId": "shieldmechanics",
    "version": "1.20.1-4.6",
    "curseForgeHash": 655973600,
    "modrinthHash": "3ac7f48c2fe9bc2445fc0feaa52bbd94aa333138"
  },
  "shulkerbox-1.20.1-1.0.1.jar": {
    "jarName": "shulkerbox-1.20.1-1.0.1.jar",
    "modId": "shulkerbox",
    "version": "1.20.1-1.0.1",
    "curseForgeHash": 660059675,
    "modrinthHash": "b015e50fbc23c75d92222d51e46defe2c9a1c02b"
  },
  "shulkerboxtooltip-forge-4.0.4+1.20.1.jar": {
    "jarName": "shulkerboxtooltip-forge-4.0.4+1.20.1.jar",
    "modId": "shulkerboxtooltip",
    "version": "4.0.4+1.20.1",
    "curseForgeHash": 1819255876,
    "modrinthHash": "f6d7615ac5349fc1625cd2941a5d861c52428a0b"
  },
  "shulkerdropstwo-1.20.1-3.5.jar": {
    "jarName": "shulkerdropstwo-1.20.1-3.5.jar",
    "modId": "shulkerdropstwo",
    "version": "3.5",
    "curseForgeHash": 4275056049,
    "modrinthHash": "ca6d2884d35602e85d754c890393cc3d4917e2c7"
  },
  "SHW 1.1.0 [FORGE] 1.20.1.jar": {
    "jarName": "SHW 1.1.0 [FORGE] 1.20.1.jar",
    "modId": "shw",
    "version": "1.1.0",
    "curseForgeHash": 1426092404,
    "modrinthHash": "ca2683bcabbed8871bc46558ef2c327133341aff"
  },
  "simple-datapacks-forge-2.3+1.19.4.jar": {
    "jarName": "simple-datapacks-forge-2.3+1.19.4.jar",
    "modId": "simple_datapacks",
    "version": "2.3",
    "curseForgeHash": 3589198124,
    "modrinthHash": "0b05a46a92ceb7204f3a764d2ba94e1e4ba1d04b"
  },
  "simply_server_ram_optimizer-1.2.0-1.20.1.jar": {
    "jarName": "simply_server_ram_optimizer-1.2.0-1.20.1.jar",
    "modId": "simply_server_ram_optimizer",
    "version": "1.2.0",
    "curseForgeHash": 613798632,
    "modrinthHash": "9562295e3ce050b5f3c014482ca75af6b6753839"
  },
  "simplylight-1.20.1-1.4.6-build.50.jar": {
    "jarName": "simplylight-1.20.1-1.4.6-build.50.jar",
    "modId": "simplylight",
    "version": "1.20.1-1.4.6-build.50",
    "curseForgeHash": 2677835492,
    "modrinthHash": "cfd851ffd2c3b451a96a19207dc6e084c1dfec73"
  },
  "skinlayers3d-forge-1.10.1-mc1.20.1.jar": {
    "jarName": "skinlayers3d-forge-1.10.1-mc1.20.1.jar",
    "modId": "skinlayers3d",
    "version": "1.10.1",
    "curseForgeHash": 262111728,
    "modrinthHash": "896aed39ccc8ecf13936b0b60c9fd55a92a18a6b"
  },
  "smallships-forge-1.20.1-2.0.0-b1.4.jar": {
    "jarName": "smallships-forge-1.20.1-2.0.0-b1.4.jar",
    "modId": "smallships",
    "version": "2.0.0-b1.4",
    "curseForgeHash": 3450945761,
    "modrinthHash": "9998ddc8a278e0b87ab642d289ae2a1e3dbebef6"
  },
  "smoothchunk-1.20.1-4.1.jar": {
    "jarName": "smoothchunk-1.20.1-4.1.jar",
    "modId": "smoothchunk",
    "version": "1.20.1-4.1",
    "curseForgeHash": 2007224494,
    "modrinthHash": "3e142e4a2e12db1c9a3777879cc021aff49da088"
  },
  "smoothgui-forge-1.20.1-1.1.1.jar": {
    "jarName": "smoothgui-forge-1.20.1-1.1.1.jar",
    "modId": "smoothgui",
    "version": "1.1.1",
    "curseForgeHash": 3687095786,
    "modrinthHash": "1e9aee72bd97f856a1c5256e19995d6c45defdb3"
  },
  "smoothswapping-0.9.3.2-1.20.1-forge.jar": {
    "jarName": "smoothswapping-0.9.3.2-1.20.1-forge.jar",
    "modId": "smoothswapping",
    "version": "0.9.3.2",
    "curseForgeHash": 3845758946,
    "modrinthHash": "bddc0e2f6a2de47c1416ed3adcb8e7b1048e2791"
  },
  "sophisticatedbackpacks-1.20.1-3.24.18.1488.jar": {
    "jarName": "sophisticatedbackpacks-1.20.1-3.24.18.1488.jar",
    "modId": "sophisticatedbackpacks",
    "version": "3.24.18.1488",
    "curseForgeHash": 163980409,
    "modrinthHash": "4accb2fa35b90a65908c79e97c1830150aef73b6"
  },
  "sophisticatedcore-1.20.1-1.2.117.1347.jar": {
    "jarName": "sophisticatedcore-1.20.1-1.2.117.1347.jar",
    "modId": "sophisticatedcore",
    "version": "1.2.117.1347",
    "curseForgeHash": 203125196,
    "modrinthHash": "3da2d7a6c27f333a71a547076d0379c5295ee4c1"
  },
  "soulslike-weaponry-1.3.1-1.20.1-forge.jar": {
    "jarName": "soulslike-weaponry-1.3.1-1.20.1-forge.jar",
    "modId": "soulsweapons",
    "version": "1.3.1-1.20.1-forge}",
    "curseForgeHash": 3714712001,
    "modrinthHash": "a771d8891947dc2a7c48e90e0aad58962c133906"
  },
  "spacecatasb-forge-20.14.0.jar": {
    "jarName": "spacecatasb-forge-20.14.0.jar",
    "modId": "spacecatasb",
    "version": "20.14.0",
    "curseForgeHash": 396001118,
    "modrinthHash": "0510dc943813a667b41a1624401761cbb1116f16"
  },
  "spark-1.10.53-forge.jar": {
    "jarName": "spark-1.10.53-forge.jar",
    "modId": "spark",
    "version": "1.10.53",
    "curseForgeHash": 1515254383,
    "modrinthHash": "231fb325368c0660954f47bfb03493f5246fa4d1"
  },
  "starterkit-1.20.1-7.4.jar": {
    "jarName": "starterkit-1.20.1-7.4.jar",
    "modId": "starterkit",
    "version": "7.4",
    "curseForgeHash": 1639732781,
    "modrinthHash": "8c6f9cb038c7b41b317f79645c8110a9f31016ca"
  },
  "Structory_Towers_1.20.x_v1.0.7.jar": {
    "jarName": "Structory_Towers_1.20.x_v1.0.7.jar",
    "modId": "structory_towers",
    "version": "1.0.7",
    "curseForgeHash": 4195117885,
    "modrinthHash": "fa147459b82e1c0a774c19b598a55a9ca0d7b0ef"
  },
  "structure_gel-1.20.1-2.16.2.jar": {
    "jarName": "structure_gel-1.20.1-2.16.2.jar",
    "modId": "structure_gel",
    "version": "2.16.2",
    "curseForgeHash": 504700493,
    "modrinthHash": "ec8c59d2a69eca3249a8da673f572b40b6d59895"
  },
  "supermartijn642configlib-1.1.8-forge-mc1.20.jar": {
    "jarName": "supermartijn642configlib-1.1.8-forge-mc1.20.jar",
    "modId": "supermartijn642configlib",
    "version": "1.1.8",
    "curseForgeHash": 3016368264,
    "modrinthHash": "f80f9eed728966adcfbcc848633e789645057281"
  },
  "supermartijn642corelib-1.1.18-forge-mc1.20.1.jar": {
    "jarName": "supermartijn642corelib-1.1.18-forge-mc1.20.1.jar",
    "modId": "supermartijn642corelib",
    "version": "1.1.18",
    "curseForgeHash": 4078642907,
    "modrinthHash": "d37e1148b512c67cee704635b4f07d1f9ea8c31c"
  },
  "TerraBlender-forge-1.20.1-3.0.1.10.jar": {
    "jarName": "TerraBlender-forge-1.20.1-3.0.1.10.jar",
    "modId": "terrablender",
    "version": "3.0.1.10",
    "curseForgeHash": 921691151,
    "modrinthHash": "3bd99fb59e8b06b04e78b5153790c1e08b2be5dc"
  },
  "The_Undergarden-1.20.1-0.8.14.jar": {
    "jarName": "The_Undergarden-1.20.1-0.8.14.jar",
    "modId": "undergarden",
    "version": "0.8.14",
    "curseForgeHash": 1819346941,
    "modrinthHash": "d823f6da5ea81ee09df8038dc5645986b184a451"
  },
  "Towns-and-Towers-1.12-Fabric+Forge.jar": {
    "jarName": "Towns-and-Towers-1.12-Fabric+Forge.jar",
    "modId": "t_and_t",
    "version": "1.10.2",
    "curseForgeHash": 3793510333,
    "modrinthHash": "5a28ec56457cf1bf154e993cf73dba0428a7921b"
  },
  "trashslot-forge-1.20.1-15.1.3.jar": {
    "jarName": "trashslot-forge-1.20.1-15.1.3.jar",
    "modId": "trashslot",
    "version": "15.1.3",
    "curseForgeHash": 327495488,
    "modrinthHash": "16fa6a3e069a1ca53752b55d79bef87b463f2e60"
  },
  "TravelersTitles-1.20-Forge-4.0.2.jar": {
    "jarName": "TravelersTitles-1.20-Forge-4.0.2.jar",
    "modId": "travelerstitles",
    "version": "1.20-Forge-4.0.2",
    "curseForgeHash": 4191736142,
    "modrinthHash": "64a435eaa6e08fff5af2c720c3b6a40fe292f2f7"
  },
  "twilightforest-1.20.1-4.3.2508-universal.jar": {
    "jarName": "twilightforest-1.20.1-4.3.2508-universal.jar",
    "modId": "twilightforest",
    "version": "4.3.2508",
    "curseForgeHash": 3280984966,
    "modrinthHash": "fa3b506a45d3e9c465551cd533fd50c899496e9f"
  },
  "upgrade_aquatic-1.20.1-6.0.3.jar": {
    "jarName": "upgrade_aquatic-1.20.1-6.0.3.jar",
    "modId": "upgrade_aquatic",
    "version": "6.0.3",
    "curseForgeHash": 3590089434,
    "modrinthHash": "8745e0f1c1371fe5c028aa7397e4de1a0c4220f6"
  },
  "vanillabackport-forge-1.20.1-1.1.5.1.jar": {
    "jarName": "vanillabackport-forge-1.20.1-1.1.5.1.jar",
    "modId": "vanillabackport",
    "version": "1.1.5.1",
    "curseForgeHash": 1717279265,
    "modrinthHash": "77551f2c12f9ad1db0bcc4c2819e0914b0111326"
  },
  "variantsandventures-forge-1.0.20+mc1.20.1.jar": {
    "jarName": "variantsandventures-forge-1.0.20+mc1.20.1.jar",
    "modId": "variantsandventures",
    "version": "1.0.20",
    "curseForgeHash": 1516593472,
    "modrinthHash": "d3f17c677f8dbbca849af47ffc5f8a2f212f14aa"
  },
  "villagernames-1.20.1-8.2.jar": {
    "jarName": "villagernames-1.20.1-8.2.jar",
    "modId": "villagernames",
    "version": "8.2",
    "curseForgeHash": 3705955661,
    "modrinthHash": "249a964cc0f21c5c4dc339f4b2221eeebd6e1b4b"
  },
  "voicechat-forge-1.20.1-2.6.10.jar": {
    "jarName": "voicechat-forge-1.20.1-2.6.10.jar",
    "modId": "voicechat",
    "version": "1.20.1-2.6.10",
    "curseForgeHash": 3164362297,
    "modrinthHash": "e156b359a08eb56ddcfd3f8379c80002fec76867"
  },
  "votemod-1.0.3.jar": {
    "jarName": "votemod-1.0.3.jar",
    "modId": "votemod",
    "version": "1.0.3",
    "curseForgeHash": 1859821469,
    "modrinthHash": "df899e99517f796ae967a7990753ba4dd0c3ac50"
  },
  "waystones-forge-1.20.1-14.1.17.jar": {
    "jarName": "waystones-forge-1.20.1-14.1.17.jar",
    "modId": "waystones",
    "version": "14.1.17",
    "curseForgeHash": 2179640189,
    "modrinthHash": "0572e124fa1af248b5b978d7c615fb31629103e5"
  },
  "WeaponsOfMiracles-2.0.11-mc1.20.1-forge.jar": {
    "jarName": "WeaponsOfMiracles-2.0.11-mc1.20.1-forge.jar",
    "modId": "wom",
    "version": "2.0.11",
    "curseForgeHash": 1649609439,
    "modrinthHash": "55dce77ee9b1dde0329fe384e54ad95106bcde6b"
  },
  "xaerominimap-forge-1.20.1-25.3.5.jar": {
    "jarName": "xaerominimap-forge-1.20.1-25.3.5.jar",
    "modId": "xaerominimap",
    "version": "25.3.5",
    "curseForgeHash": 249085215,
    "modrinthHash": "6fe3d41ca625d2f8caa1163d98b6b22819d79c83"
  },
  "xaeroworldmap-forge-1.20.1-1.40.4.jar": {
    "jarName": "xaeroworldmap-forge-1.20.1-1.40.4.jar",
    "modId": "xaeroworldmap",
    "version": "1.40.4",
    "curseForgeHash": 4122775460,
    "modrinthHash": "333bc915684f6c8e7faf7432e69489c9b5128e9d"
  },
  "yet_another_config_lib_v3-3.6.6+1.20.1-forge.jar": {
    "jarName": "yet_another_config_lib_v3-3.6.6+1.20.1-forge.jar",
    "modId": "yet_another_config_lib_v3",
    "version": "3.6.6+1.20.1-forge",
    "curseForgeHash": 2226879195,
    "modrinthHash": "644731e321c53a35a0b3177a3cc6347fe38002f4"
  },
  "YungsApi-1.20-Forge-4.0.6.jar": {
    "jarName": "YungsApi-1.20-Forge-4.0.6.jar",
    "modId": "yungsapi",
    "version": "1.20-Forge-4.0.6",
    "curseForgeHash": 2072489450,
    "modrinthHash": "af584b690f5646c6032002b58abc4591beed3833"
  },
  "YungsBetterDungeons-1.20-Forge-4.0.4.jar": {
    "jarName": "YungsBetterDungeons-1.20-Forge-4.0.4.jar",
    "modId": "betterdungeons",
    "version": "1.20-Forge-4.0.4",
    "curseForgeHash": 1320004755,
    "modrinthHash": "67a9e1c2ff126ab54cea8e0709d178915243039e"
  },
  "YungsBetterEndIsland-1.20-Forge-2.0.6.jar": {
    "jarName": "YungsBetterEndIsland-1.20-Forge-2.0.6.jar",
    "modId": "betterendisland",
    "version": "1.20-Forge-2.0.6",
    "curseForgeHash": 3970260058,
    "modrinthHash": "4e7bf109981593061b8100bc8bf23e1c9bbcbb76"
  },
  "YungsBetterNetherFortresses-1.20-Forge-2.0.6.jar": {
    "jarName": "YungsBetterNetherFortresses-1.20-Forge-2.0.6.jar",
    "modId": "betterfortresses",
    "version": "1.20-Forge-2.0.6",
    "curseForgeHash": 4156404560,
    "modrinthHash": "889cd16a93764d1d6af2e2dda5bbc286a2683e7a"
  },
  "YungsBetterOceanMonuments-1.20-Forge-3.0.4.jar": {
    "jarName": "YungsBetterOceanMonuments-1.20-Forge-3.0.4.jar",
    "modId": "betteroceanmonuments",
    "version": "1.20-Forge-3.0.4",
    "curseForgeHash": 1334321869,
    "modrinthHash": "d8e74ed19903752a97ed0e1d2b1a8bf378bc252f"
  },
  "YungsBetterStrongholds-1.20-Forge-4.0.3.jar": {
    "jarName": "YungsBetterStrongholds-1.20-Forge-4.0.3.jar",
    "modId": "betterstrongholds",
    "version": "1.20-Forge-4.0.3",
    "curseForgeHash": 3427826798,
    "modrinthHash": "3730238c56edca4bb5b2238e1314aec572ced385"
  },
  "YungsBridges-1.20-Forge-4.0.3.jar": {
    "jarName": "YungsBridges-1.20-Forge-4.0.3.jar",
    "modId": "yungsbridges",
    "version": "1.20-Forge-4.0.3",
    "curseForgeHash": 2453817392,
    "modrinthHash": "88467fe87b95e6cf7a432822033cf74dd8586254"
  },
  "YungsCaveBiomes-1.20.1-Forge-2.0.5.jar": {
    "jarName": "YungsCaveBiomes-1.20.1-Forge-2.0.5.jar",
    "modId": "yungscavebiomes",
    "version": "1.20.1-Forge-2.0.5",
    "curseForgeHash": 2133725597,
    "modrinthHash": "c0a57a7d5a0cea0297f82a482490fc1e7933695f"
  }
}