{
  "shields": {
    "desc:": "List of shield items and their damage values. Start the game once to fill these entries with all modded shields automatically. Format: Shield name id;shield damage reduction on block; shield passive damage reduction when just held.E.g. default: [\"minecraft:shield;65;15\"] this give the minecraft shield 65% damage reduction on block, and 15% passive damage reduction when not blocking but held.To put multiple values seperate them by commas like this:  [\"minecraft:shield;65;15\", \"minecraft:shield;65;15\"] ",
    "shields": [
      "wom:gesetz;79;22",
      "ars_nouveau:enchanters_shield;71;10",
      "slu:knight_shield;84;14",
      "slu:oni_shield;81;17",
      "slu:gilded_great_shield;84;14",
      "moreartifacts:obsidian_shield;73;15",
      "alexsmobs:skelewag_sword;69;11",
      "slu:siegmeyer_shield;84;17",
      "twilightforest:knightmetal_shield;77;11",
      "slu:rock_shield;75;24",
      "slu:charred_silver_shield;85;14",
      "slu:cross_shield;75;24",
      "slu:divine_shield;75;25",
      "slu:thorned_shield;85;13",
      "moreartifacts:ankh_shield;72;22",
      "slu:dragon_guardian_shield;84;17",
      "slu:mirror_shield;81;15",
      "alexsmobs:shield_of_the_deep;69;12",
      "slu:chosen_pantheon_shield;76;25",
      "undergarden:cloggrum_shield;68;14",
      "slu:iron_round_shield;84;12",
      "minecraft:shield;65;15",
      "bygonenether:gilded_netherite_shield;80;12",
      "slu:dragon_slayer_shield;85;13",
      "slu:charred_shield;83;18",
      "endermanoverhaul:corrupted_shield;68;14",
      "moreartifacts:cobalt_shield;71;12",
      "slu:crusader_shield;85;12",
      "slu:tower_knight_shield;80;19",
      "artifacts:umbrella;50;10",
      "slu:dragon_skull_shield;79;18",
      "slu:ashen_shield;73;12",
      "alexscaves:resistor_shield;67;22",
      "slu:crucible_shield;85;14",
      "slu:silver_shield;75;22",
      "slu:round_shield;78;19",
      "slu:rusty_steel_shield;83;14"
    ]
  },
  "playerOnly": {
    "desc:": "Should the mechanic changes only affect players, default:false",
    "playerOnly": false
  },
  "blockCooldown": {
    "desc:": "Shield block cooldown(players only), values are in ticks. 20 ticks = 1 sec, default = 5 ticks(0.25s)",
    "blockCooldown": 5
  },
  "maxblockdamagereduction": {
    "desc:": "Maximum percent of damage allowed to be blocked. Default:85",
    "maxblockdamagereduction": 85
  },
  "maxpassivedamagereduction": {
    "desc:": "Maximum percent of passive damage reduction while holding a shield(not blocking). Default:25",
    "maxpassivedamagereduction": 25
  },
  "debugLogging": {
    "desc:": "Enables debug logging of block damage reduction. Default:false",
    "debugLogging": false
  }
}