{
	"enableGelid": true,
	"enableGelidSpawns": true,
	"gelidSpawnChance": 80.0,
	"gelidMinimumYLevel": -64,
	"enableGelidSpawners": true,
	"gelidSpawnerChance": 80.0,
	"enableMurk": true,
	"enableMurkSpawns": true,
	"enableThicket": true,
	"enableThicketSpawns": true,
	"thicketSpawnChance": 80.0,
	"thicketMinimumYLevel": -64,
	"enableThicketSpawners": true,
	"thicketSpawnerChance": 80.0,
	"enableThicketSpawnersInTrialChambers": true,
	"enableVerdant": true,
	"enableVerdantSpawns": true,
	"verdantSpawnChance": 80.0,
	"verdantMinimumYLevel": -64,
	"enableVerdantSpawners": true,
	"verdantSpawnerChance": 80.0,
	"enableBetterStraySpawns": true,
	"straySpawnChance": 80.0,
	"strayMinimumYLevel": -64,
	"enableStraySpawners": true,
	"straySpawnerChance": 80.0,
	"enableBetterHuskSpawns": true,
	"huskSpawnChance": 80.0,
	"huskMinimumYLevel": -64,
	"enableHuskSpawners": true,
	"huskSpawnerChance": 80.0
}